Date,Cash_In,Cash_Out,Net_Cashflow,End_Balance,Transaction_Count,Lag_1,Lag_7,Rolling_Mean_7,Rolling_Std_7,Rolling_CashIn_7,Rolling_CashOut_7,Target,Cash_Ratio,Negative_Streak,Cashflow_Score,Balance_Score,Ratio_Score,Volatility_Score,NegativeDay_Score,Liquidity_Score,Liquidity_Risk,Recommendation
2023-08-24,1950.0,250.0,1700.0,4724.8,7,-800.0,-100.0,363.4285714285714,1568.8617803089874,5665.0,3121.0,-4528.0,7.8,0,0.6693076670051369,18.639706057627535,31.41993957703929,88.2651538247294,100.0,29.37,High Risk,Reduce discretionary spending | Accelerate receivable collection
2023-08-25,554.0,5082.0,-4528.0,196.8,12,1700.0,-170.0,-259.1428571428572,2439.13662515868,6219.0,8033.0,1619.0,0.10901219992129083,1,88.58029546787182,0.030139852862774322,0.439122658293216,80.17669744606442,75.0,46.6,High Risk,Increase cash inflows immediately | Maintain emergency cash reserve | Reduce discretionary spending | Accelerate receivable collection
2023-08-26,1700.0,81.0,1619.0,1815.8,6,-4528.0,-500.0,43.57142857142857,2533.912709437249,7919.0,7614.0,-1260.0,20.987654320987655,0,47.40643279035511,6.684046143833214,84.54241418323329,79.29583523573558,100.0,49.21,High Risk,Reduce discretionary spending | Accelerate receivable collection
2023-08-27,240.0,1500.0,-1260.0,555.8,3,1619.0,15.0,-138.57142857142858,2581.6832917783736,8144.0,9114.0,840.0,0.16,1,77.43946913032909,1.5055891168889557,0.6445115810674726,78.85184874832154,75.0,43.04,High Risk,Increase cash inflows immediately | Maintain emergency cash reserve | Reduce discretionary spending | Accelerate receivable collection
2023-08-28,850.0,10.0,840.0,1395.8,2,-1260.0,-1000.0,124.28571428571428,2573.01436155376,8994.0,8124.0,-700.0,85.0,0,55.415242481014836,4.957893801518461,100.0,78.93241900079575,100.0,53.78,Moderate Risk,Delay non-essential purchases
2023-08-29,600.0,1300.0,-700.0,695.8,3,840.0,3299.0,-447.0,2161.730865147956,6294.0,9423.0,755.0,0.46153846153846156,1,76.22384623085395,2.080973230993873,1.8591680223100173,82.75494545853533,75.0,43.36,High Risk,Increase cash inflows immediately | Maintain emergency cash reserve | Reduce discretionary spending | Accelerate receivable collection
2023-08-30,770.0,15.0,755.0,1450.8,3,-700.0,-800.0,-224.8571428571429,2198.9863140828797,6664.0,8238.0,2050.0,51.333333333333336,0,94.74421864050456,5.183937560631107,100.0,82.40868809471395,100.0,67.96,Moderate Risk,Delay non-essential purchases
2023-08-31,2300.0,250.0,2050.0,3500.8,5,755.0,1700.0,-174.85714285714286,2253.354716015762,7014.0,8238.0,-3500.0,9.2,0,15.371194027716207,13.609204945738828,37.05941591137967,81.90338054731748,100.0,33.21,High Risk,Reduce discretionary spending | Accelerate receivable collection
2023-09-01,0.0,3500.0,-3500.0,0.8,1,2050.0,-4528.0,-28.0,1933.1062222926769,6460.0,6656.0,34.0,0.0,1,65.91250375412955,0.0,0.0,84.87981493139958,75.0,39.06,High Risk,Increase cash inflows immediately | Maintain emergency cash reserve | Reduce discretionary spending | Accelerate receivable collection
2023-09-03,34.0,0.0,34.0,34.8,1,-3500.0,1619.0,-254.42857142857144,1796.0022139131538,4794.0,6575.0,1110.0,10.0,0,81.30085951689718,0.0,40.281973816717034,86.15407880065966,100.0,53.11,Moderate Risk,Delay non-essential purchases
2023-09-04,1310.0,200.0,1110.0,1144.8,3,34.0,-1260.0,84.14285714285714,1798.231578391339,5864.0,5275.0,1300.0,6.55,0,84.018134233371,3.9263122826589303,26.38469284994966,86.13335877474985,100.0,53.16,Moderate Risk,Delay non-essential purchases
2023-09-05,1300.0,0.0,1300.0,2444.8,2,1110.0,840.0,149.85714285714286,1838.413303963631,6314.0,5265.0,-25.0,10.0,0,65.06871844743505,9.269164770776023,40.281973816717034,85.75990418573768,100.0,50.17,Moderate Risk,Delay non-essential purchases
2023-09-06,0.0,25.0,-25.0,2419.8,2,1300.0,-700.0,246.28571428571428,1803.783497197461,5714.0,3990.0,130.0,0.0,1,67.28544255824265,9.166417607543002,0.0,86.08175846325405,75.0,42.41,High Risk,Increase cash inflows immediately | Reduce discretionary spending | Accelerate receivable collection
2023-09-08,850.0,720.0,130.0,2549.8,3,-25.0,755.0,157.0,1789.8201958111129,5794.0,4695.0,50.0,1.1805555555555556,0,66.1413268881484,9.700702856354711,4.755510797806872,86.21153534332132,100.0,45.39,High Risk,Reduce discretionary spending | Accelerate receivable collection
2023-09-09,550.0,500.0,50.0,2599.8,4,130.0,2050.0,-128.71428571428572,1585.208158180465,4044.0,4945.0,-10.0,1.1,0,65.28324013557771,9.906197182820753,4.431017119838875,88.11322829781673,100.0,45.3,High Risk,Reduce discretionary spending | Accelerate receivable collection
2023-09-11,0.0,10.0,-10.0,2589.8,1,50.0,-3500.0,369.8571428571428,575.300045938761,4044.0,1455.0,90.0,0.0,1,66.71338472319552,9.865098317527545,0.0,97.4994558334842,75.0,43.56,High Risk,Increase cash inflows immediately | Reduce discretionary spending | Accelerate receivable collection
2023-09-12,180.0,90.0,90.0,2679.8,4,-10.0,34.0,377.8571428571428,570.2182121993361,4190.0,1545.0,-2250.0,2.0,0,33.24800137293881,10.23498810516642,8.056394763343407,97.54668710848684,100.0,35.67,High Risk,Reduce discretionary spending | Accelerate receivable collection
2023-09-13,750.0,3000.0,-2250.0,429.8,3,90.0,1110.0,-102.14285714285714,1057.3309839041924,3630.0,4345.0,5860.0,0.25,1,100.0,0.98774341419453,1.007049345417926,93.01939273850444,75.0,52.25,Moderate Risk,Review operational expenses | Delay non-essential purchases
2023-09-14,6170.0,310.0,5860.0,6289.8,5,-2250.0,1300.0,549.2857142857143,2493.936694885264,8500.0,4655.0,940.0,19.903225806451612,0,78.86961371794689,25.071678476014647,80.17412208036907,79.66737791769424,100.0,65.12,Moderate Risk,Delay non-essential purchases
2023-09-15,980.0,40.0,940.0,7229.8,3,5860.0,-25.0,687.1428571428571,2483.550645653075,9480.0,4670.0,-230.0,24.5,0,62.13692204281854,28.934971813576237,98.69083585095673,79.76390731488225,100.0,63.21,Moderate Risk,Delay non-essential purchases
2023-09-16,0.0,230.0,-230.0,6999.8,2,940.0,130.0,635.7142857142857,2500.678955422953,8630.0,4180.0,21.0,0.0,1,65.72658495773923,27.989697911832444,0.0,79.60471440331665,75.0,46.86,High Risk,Increase cash inflows immediately | Reduce discretionary spending | Accelerate receivable collection
2023-09-17,50.0,29.0,21.0,7020.8,3,-230.0,50.0,631.5714285714286,2501.8347838564964,8130.0,3709.0,209.0,1.7241379310344827,0,68.41525678246072,28.076005528948183,6.945167899433971,79.59397197186381,100.0,51.37,Moderate Risk,Delay non-essential purchases
2023-09-18,450.0,241.0,209.0,7229.8,2,21.0,-10.0,662.8571428571429,2493.831217796653,8580.0,3940.0,-129.0,1.8672199170124482,0,63.58136807631253,28.934971813576237,7.5215303807147995,79.66835823653861,100.0,50.03,Moderate Risk,Delay non-essential purchases
2023-09-20,0.0,129.0,-129.0,7100.8,3,209.0,90.0,631.5714285714286,2503.5703077234084,8400.0,3979.0,551.0,0.0,1,73.30635127211363,28.40479645129385,0.0,79.57784176980783,75.0,49.64,High Risk,Increase cash inflows immediately | Reduce discretionary spending | Accelerate receivable collection
2023-09-21,4051.0,3500.0,551.0,7651.8,4,-129.0,-2250.0,1031.7142857142858,2167.5417500235685,11701.0,4479.0,-5600.0,1.1574285714285715,0,0.0,30.669343928949633,4.662350740900592,82.7009382800951,100.0,28.17,High Risk,Reduce discretionary spending | Accelerate receivable collection
2023-09-22,0.0,5600.0,-5600.0,2051.8,7,551.0,5860.0,-605.4285714285714,2239.607767530053,5531.0,9769.0,1153.0,0.0,1,81.91582168957284,7.653979364752933,0.0,82.03114661320396,75.0,46.67,High Risk,Increase cash inflows immediately | Reduce discretionary spending | Accelerate receivable collection
2023-09-23,1280.0,127.0,1153.0,3204.8,5,-5600.0,940.0,-575.0,2265.4027603644045,5831.0,9856.0,-110.0,10.078740157480315,0,63.8530955479599,12.39267853305986,40.59915471291166,81.79140433458545,100.0,50.34,Moderate Risk,Delay non-essential purchases
2023-09-24,0.0,110.0,-110.0,3094.8,1,1153.0,-230.0,-557.8571428571429,2268.899911746617,5831.0,9736.0,1060.0,0.0,1,80.58578722308826,11.940591014834569,0.0,81.75890131950693,75.0,47.46,High Risk,Increase cash inflows immediately | Reduce discretionary spending | Accelerate receivable collection
2023-09-25,1120.0,60.0,1060.0,4154.8,4,-110.0,21.0,-409.4285714285714,2345.76248137948,6901.0,9767.0,-3601.0,18.666666666666668,0,13.926747994222218,16.29707073591466,75.19301779120514,81.04452982490756,100.0,39.15,High Risk,Reduce discretionary spending | Accelerate receivable collection
2023-09-26,400.0,4001.0,-3601.0,553.8,4,1060.0,209.0,-953.7142857142856,2605.9405029205677,6851.0,13527.0,70.0,0.09997500624843789,1,66.42735580567197,1.497369343830314,0.4027190584025698,78.62639882827291,75.0,39.12,High Risk,Increase cash inflows immediately | Maintain emergency cash reserve | Reduce discretionary spending | Accelerate receivable collection
2023-09-27,600.0,530.0,70.0,623.8,6,-3601.0,-129.0,-925.2857142857144,2617.496750350463,7451.0,13928.0,160.0,1.1320754716981132,0,67.71448593452799,1.7850614008827728,4.560223450949098,78.51899344502998,100.0,42.77,High Risk,Maintain emergency cash reserve | Reduce discretionary spending | Accelerate receivable collection
2023-09-28,1450.0,1290.0,160.0,783.8,3,70.0,551.0,-981.1428571428572,2584.708908727855,4850.0,11718.0,100.0,1.124031007751938,0,66.8563991819573,2.442643245574107,4.527818762344163,78.82372824034725,100.0,42.69,High Risk,Maintain emergency cash reserve | Reduce discretionary spending | Accelerate receivable collection
2023-09-29,600.0,500.0,100.0,883.8,2,160.0,-5600.0,-166.85714285714286,1595.7193183192144,5450.0,6618.0,105.0,1.2,0,66.9279064113382,2.853631898506191,4.833836858006045,88.01553610232864,100.0,43.81,High Risk,Maintain emergency cash reserve | Reduce discretionary spending | Accelerate receivable collection
2023-09-30,480.0,375.0,105.0,988.8,6,100.0,1153.0,-316.57142857142856,1497.381253738544,4650.0,6866.0,659.0,1.28,0,74.85090742674086,3.285169984084879,5.156092648539781,88.92950385680334,100.0,46.85,High Risk,Maintain emergency cash reserve | Reduce discretionary spending | Accelerate receivable collection
2023-10-01,5250.0,4591.0,659.0,1647.8,6,105.0,-110.0,-206.7142857142857,1542.5893506574912,9900.0,11347.0,170.0,1.143541712045306,0,67.85750039328977,5.993585206907313,4.606411730293279,88.5093334680401,100.0,45.09,High Risk,Reduce discretionary spending | Accelerate receivable collection
2023-10-02,540.0,370.0,170.0,1817.8,2,659.0,1060.0,-333.85714285714283,1454.973244722094,9320.0,11657.0,571.0,1.4594594594594594,0,73.59238018963718,6.692265916891856,5.878990773250595,89.32364983616326,100.0,47.58,High Risk,Reduce discretionary spending | Accelerate receivable collection
2023-10-03,600.0,29.0,571.0,2388.8,3,170.0,-3601.0,262.1428571428572,244.85194749168724,9520.0,7685.0,170.0,20.689655172413794,0,67.85750039328977,9.039011125134056,83.34201479320767,100.0,100.0,58.96,Moderate Risk,Delay non-essential purchases
2023-10-04,250.0,80.0,170.0,2558.8,4,571.0,70.0,276.42857142857144,234.4702235130966,9170.0,7235.0,410.0,3.125,0,71.28984740357251,9.737691835118598,12.588116817724075,100.0,100.0,49.76,High Risk,Reduce discretionary spending | Accelerate receivable collection
2023-10-05,600.0,190.0,410.0,2968.8,4,170.0,160.0,312.1428571428572,232.81425255012195,8320.0,6135.0,114.0,3.1578947368421053,0,67.0566194242238,11.422745312140142,12.720623310542223,100.0,100.0,48.8,High Risk,Reduce discretionary spending | Accelerate receivable collection
2023-10-06,920.0,806.0,114.0,3082.8,7,410.0,100.0,314.1428571428572,230.738978481036,8640.0,6441.0,-39.0,1.1414392059553349,0,64.86849820516855,11.891272376482718,4.597942420766708,100.0,100.0,46.96,High Risk,Reduce discretionary spending | Accelerate receivable collection
2023-10-07,2330.0,2369.0,-39.0,3043.8,5,114.0,105.0,293.57142857142856,257.37447240861866,10490.0,8435.0,1800.0,0.9835373575348249,1,91.16885717146005,11.730986801839205,3.961882608398088,100.0,75.0,53.52,Moderate Risk,Review operational expenses | Delay non-essential purchases
2023-10-08,1900.0,100.0,1800.0,4843.8,2,-39.0,659.0,456.57142857142856,625.4672539104517,7140.0,3944.0,-1960.0,19.0,0,37.39542067703046,19.128782554616713,76.53575025176237,97.03319477156816,100.0,50.01,Moderate Risk,Delay non-essential purchases
2023-10-09,200.0,2160.0,-1960.0,2883.8,5,1800.0,170.0,152.28571428571428,1114.811002559881,6800.0,5734.0,-235.0,0.09259259259259259,1,62.06541481343765,11.073404957147872,0.37298123904367625,92.48516538918736,75.0,41.85,High Risk,Increase cash inflows immediately | Reduce discretionary spending | Accelerate receivable collection
2023-10-10,100.0,335.0,-235.0,2648.8,4,-1960.0,571.0,37.142857142857146,1105.9449095036962,6300.0,6040.0,-570.0,0.29850746268656714,2,57.27443044491799,10.107581622757474,1.2024469796034936,92.5675681006509,50.0,37.52,High Risk,Increase cash inflows immediately | Investigate continuous losses | Reduce discretionary spending | Accelerate receivable collection
2023-10-11,250.0,820.0,-570.0,2078.8,5,-235.0,170.0,-68.57142857142857,1126.3086991203973,6300.0,6780.0,1200.0,0.3048780487804878,3,82.5879896457532,7.764946301044596,1.228108957826739,92.37830418593043,25.0,43.16,High Risk,Increase cash inflows immediately | Investigate continuous losses | Reduce discretionary spending | Accelerate receivable collection
2023-10-12,1200.0,0.0,1200.0,3278.8,2,-570.0,410.0,44.285714285714285,1218.0936901959694,6900.0,6590.0,600.0,10.0,0,74.00712212004635,12.696810136229603,40.281973816717034,91.52524161503752,100.0,54.91,Moderate Risk,Delay non-essential purchases
2023-10-13,600.0,0.0,600.0,3878.8,1,1200.0,114.0,113.71428571428572,1236.4417649429488,6580.0,5784.0,-1020.0,10.0,0,50.83877980063786,15.162742053822106,40.281973816717034,91.35471203682242,100.0,47.52,High Risk,Reduce discretionary spending | Accelerate receivable collection
2023-10-14,0.0,1020.0,-1020.0,2858.8,3,600.0,-39.0,-26.428571428571427,1310.0404392158848,4250.0,4435.0,-915.0,0.0,1,52.340431617636554,10.97065779391485,0.0,90.67067564313919,75.0,38.18,High Risk,Increase cash inflows immediately | Reduce discretionary spending | Accelerate receivable collection
2023-10-15,0.0,915.0,-915.0,1943.8,4,-1020.0,1800.0,-414.2857142857143,1056.5605700078129,2350.0,5250.0,300.0,0.0,2,69.71668835719292,7.21011161958628,0.0,93.02655307323232,50.0,40.87,High Risk,Increase cash inflows immediately | Investigate continuous losses | Reduce discretionary spending | Accelerate receivable collection
2023-10-16,1300.0,1000.0,300.0,2243.8,2,-915.0,-1960.0,-91.42857142857144,825.5539265937033,3450.0,4090.0,709.0,1.3,0,75.56597972054976,8.443077578382534,5.236656596173215,95.17356119313213,100.0,49.28,High Risk,Reduce discretionary spending | Accelerate receivable collection
2023-10-17,950.0,241.0,709.0,2952.8,2,300.0,-235.0,43.42857142857143,873.880590077547,4300.0,3996.0,930.0,3.9419087136929463,0,78.72659925918512,11.356987127671008,15.878786359286801,94.72440640964186,100.0,52.82,Moderate Risk,Delay non-essential purchases
2023-10-18,930.0,0.0,930.0,3882.8,1,709.0,-570.0,257.7142857142857,882.2593561014627,4980.0,3176.0,-35.0,10.0,0,64.92570398867326,15.17918159993939,40.281973816717034,94.646532983916,100.0,52.78,Moderate Risk,Delay non-essential purchases
2023-10-19,0.0,35.0,-35.0,3847.8,2,930.0,1200.0,81.28571428571429,779.9764343204441,3780.0,3211.0,-540.0,0.0,1,57.70347382120333,15.03533557141316,0.0,95.59716479408979,75.0,41.77,High Risk,Increase cash inflows immediately | Reduce discretionary spending | Accelerate receivable collection
2023-10-20,0.0,540.0,-540.0,3307.8,2,-35.0,600.0,-81.57142857142857,772.5988301705798,3180.0,3751.0,-2606.0,0.0,2,28.156686641019412,12.815996845579908,0.0,95.66573328104352,50.0,28.27,High Risk,Increase cash inflows immediately | Investigate continuous losses | Reduce discretionary spending | Accelerate receivable collection
2023-10-21,830.0,3436.0,-2606.0,701.8,3,-540.0,-1020.0,-308.1428571428572,1205.141959628466,4010.0,6167.0,-210.0,0.24155995343422584,3,62.422950960342106,2.105632550169798,0.9730511719404872,91.64561681414092,25.0,34.29,High Risk,Increase cash inflows immediately | Maintain emergency cash reserve | Investigate continuous losses | Reduce discretionary spending | Accelerate receivable collection
2023-10-22,0.0,210.0,-210.0,491.8,2,-2606.0,-915.0,-207.42857142857144,1175.057141467717,4010.0,5462.0,200.0,0.0,4,68.28654376957512,1.2425563790124219,0.0,91.92522933056993,0.0,33.47,High Risk,Increase cash inflows immediately | Maintain emergency cash reserve | Investigate continuous losses | Reduce discretionary spending | Accelerate receivable collection
2023-10-23,370.0,170.0,200.0,691.8,4,-210.0,300.0,-221.7142857142857,1168.4492164525457,3080.0,4632.0,-93.0,2.176470588235294,0,64.09622012785493,2.0645336848765896,8.767253124814884,91.98664431177387,100.0,43.57,High Risk,Maintain emergency cash reserve | Reduce discretionary spending | Accelerate receivable collection
2023-10-24,350.0,443.0,-93.0,598.8,7,200.0,709.0,-336.2857142857143,1099.2492459683117,2480.0,4834.0,921.0,0.7900677200902935,1,78.59788624629951,1.6823142376497517,3.182548721411053,92.62979853595841,75.0,45.25,High Risk,Increase cash inflows immediately | Maintain emergency cash reserve | Reduce discretionary spending | Accelerate receivable collection
2023-10-25,1000.0,79.0,921.0,1519.8,3,-93.0,930.0,-337.57142857142856,1097.5252247887588,2550.0,4913.0,-10.0,12.658227848101266,0,65.28324013557771,5.467519731154245,50.98984027432536,92.64582183042594,100.0,51.4,Moderate Risk,Delay non-essential purchases
2023-10-26,0.0,10.0,-10.0,1509.8,1,921.0,-35.0,-334.0,1098.71394518015,2550.0,4888.0,36.0,0.0,1,65.9411066458819,5.4264208658610364,0.0,92.63477369650698,75.0,41.47,High Risk,Increase cash inflows immediately | Reduce discretionary spending | Accelerate receivable collection
2023-10-28,800.0,764.0,36.0,1545.8,5,-10.0,-540.0,-251.7142857142857,1102.2780523814763,3350.0,5112.0,-20.0,1.0471204188481675,0,65.14022567681593,5.5743767809165865,4.218007729499166,92.60164838466163,100.0,44.36,High Risk,Reduce discretionary spending | Accelerate receivable collection
2023-10-30,202.0,222.0,-20.0,1525.8,4,36.0,-2606.0,117.71428571428572,375.4529328183505,2722.0,1898.0,-30.0,0.9099099099099099,1,64.99721121805415,5.4921790503301695,3.665296716656235,99.35686291176847,75.0,42.38,High Risk,Increase cash inflows immediately | Reduce discretionary spending | Accelerate receivable collection
2023-10-31,0.0,30.0,-30.0,1495.8,1,-20.0,-210.0,143.42857142857142,354.8670441836141,2722.0,1718.0,-145.0,0.0,2,63.352544942293676,5.368882454450545,0.0,99.54819104589015,50.0,38.74,High Risk,Increase cash inflows immediately | Investigate continuous losses | Reduce discretionary spending | Accelerate receivable collection
2023-11-01,0.0,145.0,-145.0,1350.8,1,-30.0,200.0,94.14285714285714,369.3622560447565,2352.0,1693.0,-380.0,0.0,3,59.99170516139183,4.772948907699023,0.0,99.41347051532189,25.0,34.87,High Risk,Increase cash inflows immediately | Investigate continuous losses | Reduce discretionary spending | Accelerate receivable collection
2023-11-02,280.0,660.0,-380.0,970.8,4,-145.0,-93.0,53.142857142857146,407.5522169290772,2282.0,1910.0,-240.0,0.42424242424242425,4,61.993907584056764,3.211192026557104,1.7089322225273893,99.05852766646925,0.0,32.82,High Risk,Increase cash inflows immediately | Maintain emergency cash reserve | Investigate continuous losses | Reduce discretionary spending | Accelerate receivable collection
2023-11-03,0.0,240.0,-240.0,730.8,2,-380.0,921.0,-112.71428571428572,150.99085434301713,1282.0,2071.0,-519.0,0.0,5,58.00380418460307,2.2248192595201024,0.0,100.0,0.0,30.97,High Risk,Increase cash inflows immediately | Maintain emergency cash reserve | Investigate continuous losses | Reduce discretionary spending | Accelerate receivable collection
2023-11-04,0.0,519.0,-519.0,211.8,2,-240.0,-10.0,-185.42857142857144,205.8703938103174,1282.0,2580.0,-20.0,0.0,6,65.14022567681593,0.09178815080258691,0.0,100.0,0.0,32.83,High Risk,Increase cash inflows immediately | Maintain emergency cash reserve | Investigate continuous losses | Reduce discretionary spending | Accelerate receivable collection
2023-11-05,0.0,20.0,-20.0,191.8,1,-519.0,36.0,-193.42857142857144,196.716256863234,482.0,1836.0,-105.0,0.0,7,63.9246027773408,0.009590420216170124,0.0,100.0,0.0,32.38,High Risk,Increase cash inflows immediately | Maintain emergency cash reserve | Investigate continuous losses | Reduce discretionary spending | Accelerate receivable collection
2023-11-06,200.0,305.0,-105.0,86.8,3,-20.0,-20.0,-205.57142857142856,186.58943980733525,480.0,1919.0,539.0,0.6557377049180327,8,73.13473392159948,0.0,2.641440906014232,100.0,0.0,35.99,High Risk,Increase cash inflows immediately | Maintain emergency cash reserve | Investigate continuous losses | Reduce discretionary spending | Accelerate receivable collection
2023-11-07,1150.0,611.0,539.0,625.8,5,-105.0,-30.0,-124.28571428571428,338.18225573680564,1630.0,2500.0,395.0,1.8821603927986907,0,71.07532571542984,1.7932811739414145,7.581713566157871,99.70326180811881,100.0,46.52,High Risk,Maintain emergency cash reserve | Reduce discretionary spending | Accelerate receivable collection
2023-11-08,445.0,50.0,395.0,1020.8,4,539.0,-145.0,-47.142857142857146,390.25095710812246,2075.0,2405.0,3010.0,8.9,0,100.0,3.416686353023146,35.850956696878164,99.21932800004882,100.0,61.32,Moderate Risk,Delay non-essential purchases
2023-11-09,3150.0,140.0,3010.0,4030.8,3,395.0,-380.0,437.1428571428572,1190.7543027525894,4945.0,1885.0,-1290.0,22.5,0,46.97738941406977,15.787444806278875,90.63444108761334,91.77933771360209,100.0,53.95,Moderate Risk,Delay non-essential purchases
2023-11-10,10.0,1300.0,-1290.0,2740.8,3,3010.0,-240.0,287.1428571428572,1346.2525058560914,4955.0,2945.0,3250.0,0.007692307692307693,1,100.0,10.48569118345499,0.030986133705166955,90.33411562059688,75.0,54.68,Moderate Risk,Review operational expenses | Delay non-essential purchases
2023-11-11,3440.0,190.0,3250.0,5990.8,4,-1290.0,-519.0,825.5714285714286,1681.9479636364936,8395.0,2616.0,1360.0,18.105263157894736,0,84.87622098594169,23.842822403747718,72.93157364710873,87.21411498764544,100.0,66.52,Moderate Risk,Delay non-essential purchases
2023-11-12,4900.0,3540.0,1360.0,7350.8,6,3250.0,-20.0,1022.7142857142856,1646.8282357596477,13295.0,6136.0,-1220.0,1.384180790960452,0,47.97849062540224,29.43226808362406,5.57575343790716,87.54052266062777,100.0,45.21,High Risk,Reduce discretionary spending | Accelerate receivable collection
2023-11-13,0.0,1220.0,-1220.0,6130.8,3,1360.0,-105.0,863.4285714285714,1819.0053928033349,13095.0,7051.0,18841.0,0.0,1,100.0,24.418206517852635,0.0,85.94028403211618,75.0,58.42,Moderate Risk,Review operational expenses | Delay non-essential purchases
2023-11-14,38001.0,19160.0,18841.0,24971.8,9,-1220.0,539.0,3478.0,7012.947763482439,49946.0,25600.0,-12511.0,1.9833507306889353,0,0.0,100.0,7.989328220297829,37.667055698378086,100.0,44.97,High Risk,Reduce discretionary spending | Accelerate receivable collection
2023-11-15,2000.0,14511.0,-12511.0,12460.8,7,18841.0,395.0,1634.2857142857142,9286.521356501686,51501.0,40061.0,45720.0,0.13782647646612914,1,100.0,50.433788248453546,0.555192251625898,16.536144079305686,75.0,59.37,Moderate Risk,Review operational expenses | Delay non-essential purchases
2023-11-16,46720.0,1000.0,45720.0,58180.8,4,-12511.0,3010.0,7735.714285714285,19142.023897821306,95071.0,40921.0,-27980.0,46.72,0,0.0,100.0,100.0,0.0,100.0,55.0,Moderate Risk,Delay non-essential purchases
2023-11-17,270.0,28250.0,-27980.0,30200.8,5,45720.0,-1290.0,3922.857142857143,23419.671378484167,95331.0,67871.0,-430.0,0.009557522123893806,1,59.276632867582926,100.0,0.038499585594738414,0.0,75.0,58.25,Moderate Risk,Review operational expenses | Delay non-essential purchases
2023-11-18,0.0,430.0,-430.0,29770.8,2,-27980.0,3250.0,3397.1428571428573,23478.52225920938,91891.0,68111.0,80.0,0.0,2,66.57037026443375,100.0,0.0,0.0,50.0,58.3,Moderate Risk,Review operational expenses | Monitor recurring negative cashflow | Delay non-essential purchases
2023-11-19,600.0,520.0,80.0,29850.8,4,-430.0,1360.0,3214.285714285714,23502.00513937967,87591.0,65091.0,1455.0,1.1538461538461537,0,86.2348583441786,100.0,4.647920055775042,0.0,100.0,70.88,Moderate Risk,Delay non-essential purchases
2023-11-20,1700.0,245.0,1455.0,31305.8,3,80.0,-1220.0,3596.428571428572,23439.55146653581,89291.0,64116.0,2200.0,6.938775510204081,0,96.88943552193128,100.0,27.95075734221182,0.0,100.0,78.1,Stable,Maintain current financial strategy | Continue monitoring cashflow
2023-11-21,2200.0,0.0,2200.0,33505.8,1,1455.0,18841.0,1219.142857142857,22459.10387369727,53490.0,44956.0,760.0,10.0,0,76.29535346023484,100.0,40.281973816717034,0.0,100.0,72.75,Moderate Risk,Delay non-essential purchases
2023-11-22,1250.0,490.0,760.0,34265.8,3,2200.0,-12511.0,3115.0,21652.56778459928,52740.0,30935.0,550.0,2.5510204081632653,0,73.29204982623743,100.0,10.276013728754346,0.0,100.0,67.19,Moderate Risk,Delay non-essential purchases
2023-11-23,550.0,0.0,550.0,34815.8,3,760.0,45720.0,-3337.8571428571427,10900.45712234998,6570.0,29935.0,1329.0,10.0,0,84.43287616378016,100.0,40.281973816717034,1.535998875423786,100.0,75.75,Stable,Maintain current financial strategy | Continue monitoring cashflow
2023-11-24,1600.0,271.0,1329.0,36144.8,4,550.0,-27980.0,849.1428571428571,889.5093082839304,7900.0,1956.0,1759.0,5.904059040590406,0,90.58249789053676,100.0,23.782715168541422,94.57915091223792,100.0,84.73,Stable,Maintain current financial strategy | Continue monitoring cashflow
2023-11-25,2200.0,441.0,1759.0,37903.8,3,1329.0,-430.0,1161.857142857143,736.485217903538,10100.0,1967.0,-3931.0,4.988662131519274,0,9.207270855083452,100.0,20.09531573623072,96.00137825484308,100.0,55.84,Moderate Risk,Delay non-essential purchases
2023-11-26,1070.0,5001.0,-3931.0,33972.8,3,1759.0,80.0,588.8571428571429,2070.5449708205865,10570.0,6448.0,811.0,0.21395720855828834,1,77.02472719991992,100.0,0.8618618673042838,83.60243994028593,75.0,72.95,Moderate Risk,Review operational expenses | Delay non-essential purchases
2023-11-27,950.0,139.0,811.0,34783.8,3,-3931.0,1455.0,496.8571428571428,2039.7236274040715,9820.0,6342.0,731.0,6.83453237410072,0,75.88061152982569,100.0,27.530845414303013,83.88889782566741,100.0,79.08,Stable,Maintain current financial strategy | Continue monitoring cashflow
2023-11-28,900.0,169.0,731.0,35514.8,4,811.0,2200.0,287.0,1906.5099877349928,8520.0,6511.0,-29781.0,5.325443786982248,0,0.0,100.0,21.451938718961735,85.12700406289025,100.0,51.73,Moderate Risk,Delay non-essential purchases
2023-11-29,2151.0,31932.0,-29781.0,5733.8,9,731.0,760.0,-4076.0,11492.16540372904,9421.0,37953.0,1011.0,0.06736189402480271,1,79.88501637515554,22.786581565712265,0.271347005135157,0.0,75.0,42.34,High Risk,Increase cash inflows immediately | Reduce discretionary spending | Accelerate receivable collection
2023-12-01,1500.0,489.0,1011.0,6744.8,4,-29781.0,550.0,-4010.142857142857,11524.369302027932,10371.0,38442.0,60.0,3.067484662576687,0,66.28434134691018,26.941676846855632,12.35643368610952,0.0,100.0,43.14,High Risk,Reduce discretionary spending | Accelerate receivable collection
2023-12-02,600.0,540.0,60.0,6804.8,3,1011.0,1329.0,-4191.428571428572,11436.025618735772,9371.0,38711.0,450.0,1.1111111111111112,0,71.86190523861964,27.18827003861488,4.475774868524115,0.0,100.0,43.98,High Risk,Reduce discretionary spending | Accelerate receivable collection
2023-12-03,1450.0,1000.0,450.0,7254.8,2,60.0,1759.0,-4378.428571428572,11332.744355143974,8621.0,39270.0,-889.0,1.45,0,52.71226921041718,29.037718976809256,5.84088620342397,0.0,100.0,38.04,High Risk,Reduce discretionary spending | Accelerate receivable collection
2023-12-04,900.0,1789.0,-889.0,6365.8,3,450.0,-3931.0,-3943.857142857143,11410.81738860939,8451.0,36058.0,-5700.0,0.5030743432084964,1,0.0,25.384029852243035,2.0264827520986772,0.0,75.0,15.42,High Risk,Increase cash inflows immediately | Reduce discretionary spending | Accelerate receivable collection
2023-12-05,7560.0,13260.0,-5700.0,665.8,4,-889.0,811.0,-4874.0,11222.445752449268,15061.0,49179.0,-138.0,0.5701357466063348,2,63.452655063426924,1.9576766351142478,2.29661932167708,0.0,50.0,28.14,High Risk,Increase cash inflows immediately | Maintain emergency cash reserve | Investigate continuous losses | Reduce discretionary spending | Accelerate receivable collection
2023-12-06,0.0,138.0,-138.0,527.8,1,-5700.0,731.0,-4998.142857142857,11154.7114325229,14161.0,49148.0,62.0,0.0,3,66.31294423866254,1.390512294067972,0.0,0.0,25.0,26.13,High Risk,Increase cash inflows immediately | Maintain emergency cash reserve | Investigate continuous losses | Reduce discretionary spending | Accelerate receivable collection
2023-12-07,150.0,88.0,62.0,589.8,3,-138.0,-29781.0,-734.8571428571429,2263.8950526744247,12160.0,17304.0,1555.0,1.7045454545454546,0,87.66500293179642,1.645325258885864,6.866245536940404,81.80541718116416,100.0,50.39,Moderate Risk,Delay non-essential purchases
2023-12-08,1630.0,75.0,1555.0,2144.8,3,62.0,1011.0,-657.1428571428571,2341.8111529733565,12290.0,16890.0,50.0,21.733333333333334,0,66.1413268881484,8.036198811979771,87.5461564283317,81.08125402490006,100.0,56.8,Moderate Risk,Delay non-essential purchases
2023-12-09,210.0,160.0,50.0,2194.8,3,1555.0,60.0,-658.5714285714286,2341.303757677378,11900.0,16510.0,435.0,1.3125,0,71.64738355047696,8.241693138445813,5.287009063444112,81.08596982789328,100.0,46.45,High Risk,Reduce discretionary spending | Accelerate receivable collection
2023-12-10,450.0,15.0,435.0,2629.8,3,50.0,450.0,-660.7142857142857,2340.1266144011306,10900.0,15525.0,2270.0,30.0,0,97.89053673326374,10.029493778700378,100.0,81.09691036248154,100.0,70.38,Moderate Risk,Delay non-essential purchases
2023-12-11,2300.0,30.0,2270.0,4899.8,2,435.0,-889.0,-209.42857142857144,2580.972546485957,12300.0,13766.0,161.0,76.66666666666667,0,67.72878738040417,19.358936200258682,100.0,78.85845451468154,100.0,62.4,Moderate Risk,Delay non-essential purchases
2023-12-12,400.0,239.0,161.0,5060.8,2,2270.0,-5700.0,627.8571428571429,917.60801881326,5140.0,745.0,1600.0,1.6736401673640167,0,88.30856799622443,20.020627931479336,6.741752940036324,94.317997558492,100.0,57.36,Moderate Risk,Delay non-essential purchases
2023-12-13,2150.0,550.0,1600.0,6660.8,4,161.0,-138.0,876.1428571428571,910.954705893984,7290.0,1157.0,-1460.0,3.909090909090909,0,44.54614361511949,26.59644637839268,15.74658976471666,94.37983438123787,100.0,45.37,High Risk,Reduce discretionary spending | Accelerate receivable collection
2023-12-14,550.0,2010.0,-1460.0,5200.8,3,1600.0,62.0,658.7142857142857,1254.514476372629,7690.0,3079.0,-30.0,0.2736318407960199,1,64.99721121805415,20.596012045584256,1.1022430646365358,91.18674172387098,75.0,45.71,High Risk,Increase cash inflows immediately | Reduce discretionary spending | Accelerate receivable collection
2023-12-15,0.0,30.0,-30.0,5170.8,1,-1460.0,1555.0,432.2857142857143,1207.956223583934,6060.0,3034.0,170.0,0.0,2,67.85750039328977,20.47271544970463,0.0,91.6194606505145,50.0,44.05,High Risk,Increase cash inflows immediately | Investigate continuous losses | Reduce discretionary spending | Accelerate receivable collection
2023-12-16,700.0,530.0,170.0,5340.8,3,-30.0,50.0,449.4285714285714,1202.4657801288456,6550.0,3404.0,1430.0,1.320754716981132,0,85.87732219727415,21.17139615968917,5.320260692773948,91.67048960148192,100.0,56.37,Moderate Risk,Delay non-essential purchases
2023-12-17,1600.0,170.0,1430.0,6770.8,5,170.0,435.0,591.5714285714286,1258.00263077926,7700.0,3559.0,1670.0,9.411764705882353,0,89.3096692075569,27.048533896617972,37.91244594514545,91.15432232794444,100.0,64.18,Moderate Risk,Delay non-essential purchases
2023-12-18,2970.0,1300.0,1670.0,8440.8,3,1430.0,2270.0,505.8571428571428,1139.4355954552225,8370.0,4829.0,-565.0,2.2846153846153845,0,57.345937674298874,33.91204440058377,9.202881710434584,92.25630097163572,100.0,50.85,Moderate Risk,Delay non-essential purchases
2023-12-19,0.0,565.0,-565.0,7875.8,3,1670.0,161.0,402.1428571428572,1207.0896719756977,7970.0,5155.0,200.0,0.0,1,68.28654376957512,31.5899585115175,0.0,91.62751450261027,75.0,50.04,Moderate Risk,Review operational expenses | Delay non-essential purchases
2023-12-20,1100.0,900.0,200.0,8075.8,2,-565.0,1600.0,202.14285714285717,1085.387247110633,6920.0,5505.0,975.51,1.2222222222222223,0,79.37745806100999,32.41193581738167,4.923352355376527,92.7586338961265,100.0,57.52,Moderate Risk,Delay non-essential purchases
2023-12-21,1475.51,500.0,975.51,9051.31,3,200.0,-1460.0,550.0728571428572,822.2310829832026,7845.51,3995.0,2385.0,2.95102,0,99.53520300902422,36.42117122559944,11.887291037260832,95.20444416735081,100.0,67.07,Moderate Risk,Delay non-essential purchases
2023-12-22,2440.0,55.0,2385.0,11436.31,3,975.51,-30.0,895.0728571428572,1020.9213014839728,10285.51,4020.0,2474.1,44.36363636363637,0,100.0,46.223250598029644,100.0,93.35778942980241,100.0,83.2,Stable,Maintain current financial strategy | Continue monitoring cashflow
2023-12-23,2730.0,255.9,2474.1,13910.41,3,2385.0,170.0,1224.23,1115.2628180388324,12315.51,3745.9,-3355.0,10.668229777256741,0,17.444903679762028,56.391520860222336,42.97373525581771,92.4809661528032,100.0,48.72,High Risk,Reduce discretionary spending | Accelerate receivable collection
2023-12-24,800.0,4155.0,-3355.0,10555.41,6,2474.1,1430.0,540.6585714285715,2046.093177011792,11515.51,7730.9,-5219.0,0.19253910950661854,1,0.0,42.60285155435091,0.7755855367839622,83.82969833890908,75.0,28.78,High Risk,Increase cash inflows immediately | Reduce discretionary spending | Accelerate receivable collection
2023-12-25,701.0,5920.0,-5219.0,5336.41,5,-3355.0,1670.0,-443.4842857142857,2893.5986357351803,9246.51,12350.9,850.0,0.11841216216216216,2,77.58248358909087,21.153353757825453,0.4769875615797068,75.95286382607362,50.0,46.17,High Risk,Increase cash inflows immediately | Investigate continuous losses | Reduce discretionary spending | Accelerate receivable collection
2023-12-26,850.0,0.0,850.0,6186.41,1,-5219.0,-565.0,-241.34142857142857,2932.853609657474,10096.51,11785.9,-6055.9,10.0,0,0.0,24.646757307748164,40.281973816717034,75.5880225967825,100.0,31.0,High Risk,Reduce discretionary spending | Accelerate receivable collection
2023-12-27,200.0,6255.9,-6055.9,130.51,6,850.0,200.0,-1135.0414285714285,3643.102914368585,9196.51,17141.8,208.0,0.031969820489457956,1,68.40095533658453,0.0,0.12878074718814894,68.98686601604143,75.0,38.36,High Risk,Increase cash inflows immediately | Maintain emergency cash reserve | Reduce discretionary spending | Accelerate receivable collection
2023-12-28,228.0,20.0,208.0,338.51,2,-6055.9,975.51,-1244.685714285714,3579.999369845638,7949.0,16661.8,540.0,11.4,0,73.14903536747566,0.6125518729328304,45.92145015105743,69.5733592029164,100.0,49.63,High Risk,Maintain emergency cash reserve | Reduce discretionary spending | Accelerate receivable collection
2023-12-29,550.0,10.0,540.0,878.51,2,208.0,2385.0,-1508.2571428571428,3327.225279346702,6059.0,16616.8,-578.0,55.0,0,57.16001887790857,2.831890598766084,100.0,71.92267702677063,100.0,53.05,Moderate Risk,Delay non-essential purchases
2023-12-30,0.0,578.0,-578.0,300.51,2,540.0,2474.1,-1944.2714285714285,2889.579528071091,3329.0,16938.9,1759.0,0.0,1,90.58249789053676,0.4563761848186385,0.0,75.99021797598905,75.0,46.94,High Risk,Increase cash inflows immediately | Maintain emergency cash reserve | Reduce discretionary spending | Accelerate receivable collection
2023-12-31,1759.0,0.0,1759.0,2059.51,2,-578.0,-3355.0,-1213.7,3111.428958426218,4288.0,12783.9,1175.0,10.0,0,82.23045349884875,7.685666589893997,40.281973816717034,73.9283182776598,100.0,54.52,Moderate Risk,Delay non-essential purchases
2024-01-01,6270.0,5095.0,1175.0,3234.51,6,1759.0,-5219.0,-300.27142857142854,2642.881580594852,9857.0,11958.9,-810.0,1.2306182531894014,0,53.84208343463525,12.514783261845983,4.9571732253349525,78.28306327500763,100.0,41.17,High Risk,Reduce discretionary spending | Accelerate receivable collection
2024-01-02,0.0,810.0,-810.0,2424.51,3,1175.0,850.0,-537.4142857142857,2596.53551258117,9007.0,12768.9,50.0,0.0,1,66.1413268881484,9.185775173096102,0.0,78.71381012661409,75.0,41.28,High Risk,Increase cash inflows immediately | Reduce discretionary spending | Accelerate receivable collection
2024-01-03,70.0,20.0,50.0,2474.51,2,-810.0,-6055.9,334.85714285714283,914.4532844950184,8877.0,6533.0,-1141.0,3.5,0,49.1083048496203,9.391269499562146,14.098690835850963,94.34731810138759,100.0,41.55,High Risk,Reduce discretionary spending | Accelerate receivable collection
2024-01-04,600.0,1741.0,-1141.0,1333.51,3,50.0,208.0,142.14285714285714,1073.8900360482576,9249.0,8254.0,-950.0,0.3446295232624928,1,51.83988101197032,4.701888969607066,1.388235743252741,92.86549058709565,75.0,36.55,High Risk,Increase cash inflows immediately | Reduce discretionary spending | Accelerate receivable collection
2024-01-06,550.0,1500.0,-950.0,383.51,2,-1141.0,540.0,-70.71428571428571,1128.1819762026385,9249.0,9744.0,900.0,0.36666666666666664,2,78.29755588289977,0.7974967667522682,1.4770057066129578,92.36089368618484,50.0,42.1,High Risk,Increase cash inflows immediately | Maintain emergency cash reserve | Investigate continuous losses | Reduce discretionary spending | Accelerate receivable collection
2024-01-08,2100.0,1200.0,900.0,1283.51,4,-950.0,-578.0,140.42857142857142,1155.396448142745,11349.0,10366.0,-555.9,1.75,0,57.4760808317721,4.4963946431410236,7.0493454179254815,92.10795856981483,100.0,41.73,High Risk,Reduce discretionary spending | Accelerate receivable collection
2024-01-09,0.0,555.9,-555.9,727.61,3,900.0,1759.0,-190.27142857142857,922.7863868275286,9590.0,10921.9,2150.0,0.0,1,96.17436322812237,2.2117087214915694,0.0,94.2698690804095,75.0,51.25,Moderate Risk,Review operational expenses | Delay non-essential purchases
2024-01-10,2790.0,640.0,2150.0,2877.61,5,-555.9,1175.0,-50.9857142857143,1196.26564835261,6110.0,6466.9,-1000.0,4.359375,0,51.12480871816142,11.047964759531375,17.560422960725084,91.7281144951702,100.0,43.01,High Risk,Reduce discretionary spending | Accelerate receivable collection
2024-01-11,0.0,1000.0,-1000.0,1877.61,1,2150.0,-810.0,-78.12857142857145,1218.3101202270043,6110.0,6656.9,830.0,0.0,1,77.2964546715673,6.938078230210534,0.0,91.523230083996,75.0,45.79,High Risk,Increase cash inflows immediately | Reduce discretionary spending | Accelerate receivable collection
2024-01-12,1160.0,330.0,830.0,2707.61,4,-1000.0,50.0,33.29999999999999,1266.691463353745,7200.0,6966.9,-950.0,3.515151515151515,0,51.83988101197032,10.349284049546831,14.159724129512655,91.0735671002412,100.0,42.48,High Risk,Reduce discretionary spending | Accelerate receivable collection
2024-01-13,0.0,950.0,-950.0,1757.61,3,830.0,-1141.0,60.58571428571428,1238.9330361626314,6600.0,6175.9,275.0,0.0,1,69.35915221028847,6.444891846692033,0.0,91.33155781295041,75.0,42.84,High Risk,Increase cash inflows immediately | Reduce discretionary spending | Accelerate receivable collection
2024-01-14,290.0,15.0,275.0,2032.61,2,-950.0,-950.0,235.58571428571423,1156.1462860563202,6340.0,4690.9,-190.0,19.333333333333332,0,62.70897987786566,7.5751106422552645,77.8784827123196,92.10098947115488,100.0,55.11,Moderate Risk,Delay non-essential purchases
2024-01-15,0.0,190.0,-190.0,1842.61,2,275.0,900.0,79.87142857142855,1124.721720714745,4240.0,3680.9,1640.0,0.0,1,88.88062583127156,6.794232201684306,0.0,92.39305378565054,75.0,49.89,High Risk,Increase cash inflows immediately | Reduce discretionary spending | Accelerate receivable collection
2024-01-16,1650.0,10.0,1640.0,3482.61,3,-190.0,-555.9,393.57142857142856,1220.036591957062,5890.0,3135.0,-20.0,165.0,0,65.14022567681593,13.534446109770482,100.0,91.50718401376864,100.0,61.01,Moderate Risk,Delay non-essential purchases
2024-01-17,0.0,20.0,-20.0,3462.61,2,1640.0,2150.0,83.57142857142857,943.7721930534244,3100.0,2515.0,-315.0,0.0,1,60.9212991433434,13.452248379184065,0.0,94.07482405614641,75.0,42.27,High Risk,Increase cash inflows immediately | Reduce discretionary spending | Accelerate receivable collection
2024-01-18,0.0,315.0,-315.0,3147.61,2,-20.0,-1000.0,181.42857142857144,842.8063947595181,3100.0,1830.0,-895.9,0.0,2,52.61358923387155,12.157634122448,0.0,95.01321433603367,50.0,36.56,High Risk,Increase cash inflows immediately | Investigate continuous losses | Reduce discretionary spending | Accelerate receivable collection
2024-01-19,0.0,895.9,-895.9,2251.71,3,-315.0,830.0,-65.12857142857142,873.3455496237086,1940.0,2395.9,90.0,0.0,3,66.71338472319552,8.475586780829461,0.0,94.72937915060675,25.0,37.87,High Risk,Increase cash inflows immediately | Investigate continuous losses | Reduce discretionary spending | Accelerate receivable collection
2024-01-20,90.0,0.0,90.0,2341.71,1,-895.9,-950.0,83.44285714285715,781.3394308432117,2030.0,1445.9,230.0,10.0,0,68.71558714586045,8.845476568468337,40.281973816717034,95.5844969133807,100.0,52.3,Moderate Risk,Delay non-essential purchases
2024-01-21,580.0,350.0,230.0,2571.71,3,90.0,275.0,77.01428571428572,779.6840608617202,2320.0,1780.9,-10.0,1.6571428571428573,0,65.28324013557771,9.79075047021213,6.675298518198824,95.59988215399186,100.0,46.35,High Risk,Reduce discretionary spending | Accelerate receivable collection
2024-01-22,0.0,10.0,-10.0,2561.71,1,230.0,-190.0,102.72857142857144,772.3438023623527,2320.0,1600.9,-390.9,0.0,1,59.835819401341496,9.749651604918922,0.0,95.66810354523581,75.0,40.93,High Risk,Increase cash inflows immediately | Reduce discretionary spending | Accelerate receivable collection
2024-01-24,350.0,740.9,-390.9,2170.81,3,-10.0,1640.0,-187.4,380.86158903192,1020.0,2331.8,40.0,0.47239843433661766,2,65.99831242938662,8.143096960607405,1.9029141363005757,99.30659410288638,50.0,40.76,High Risk,Increase cash inflows immediately | Investigate continuous losses | Reduce discretionary spending | Accelerate receivable collection
2024-01-26,300.0,260.0,40.0,2210.81,2,-390.9,-20.0,-178.82857142857142,385.8987376426681,1320.0,2571.8,-105.0,1.1538461538461537,0,63.9246027773408,8.307492421780239,4.647920055775042,99.25977813773237,100.0,45.49,High Risk,Reduce discretionary spending | Accelerate receivable collection
2024-01-27,550.0,655.0,-105.0,2105.81,4,40.0,-315.0,-148.82857142857142,381.6881393417991,1870.0,2911.8,855.0,0.8396946564885496,1,77.65399081847177,7.87595433620155,3.3824558166708965,99.2989120284638,75.0,47.48,High Risk,Increase cash inflows immediately | Reduce discretionary spending | Accelerate receivable collection
2024-01-28,1720.0,865.0,855.0,2960.81,4,-105.0,-895.9,101.3,384.2136948798821,3590.0,2880.9,1950.0,1.9884393063583814,0,93.31407405288677,11.389907318770868,8.00982600748593,99.27543916133158,100.0,57.21,Moderate Risk,Delay non-essential purchases
2024-01-29,1950.0,0.0,1950.0,4910.81,2,855.0,90.0,367.0142857142857,796.7701894284332,5450.0,2880.9,213.0,10.0,0,68.47246256596543,19.404186050946507,40.281973816717034,95.44108128044024,100.0,55.37,Moderate Risk,Delay non-essential purchases
2024-01-30,800.0,587.0,213.0,5123.81,4,1950.0,230.0,364.5857142857143,797.2831584586629,5670.0,3117.9,-4793.0,1.362862010221465,0,0.0,20.279591881691843,5.489877181153941,95.43631367437973,100.0,26.45,High Risk,Reduce discretionary spending | Accelerate receivable collection
2024-01-31,307.0,5100.0,-4793.0,330.81,4,213.0,-10.0,-318.7,2121.563220049449,5977.0,8207.9,881.0,0.06019607843137255,1,78.02582841125239,0.58090574665706,0.24248168552415944,83.12826918165074,75.0,43.33,High Risk,Increase cash inflows immediately | Maintain emergency cash reserve | Reduce discretionary spending | Accelerate receivable collection
2024-02-01,900.0,19.0,881.0,1211.81,2,-4793.0,-390.9,-137.0,2168.2998716352063,6527.0,7486.0,-312.0,47.36842105263158,0,60.96420348097193,4.20171577898872,100.0,82.69389219158438,100.0,55.87,Moderate Risk,Delay non-essential purchases
2024-02-03,258.0,570.0,-312.0,899.81,5,881.0,40.0,-187.28571428571428,2167.5924212733867,6485.0,7796.0,680.0,0.45263157894736844,1,75.15123779014058,2.9194311818406176,1.8232893411777185,82.70046733439762,75.0,43.22,High Risk,Increase cash inflows immediately | Maintain emergency cash reserve | Reduce discretionary spending | Accelerate receivable collection
2024-02-04,800.0,120.0,680.0,1579.81,2,-312.0,-105.0,-75.14285714285715,2192.719880921956,6735.0,7261.0,-700.0,6.666666666666667,0,55.415242481014836,5.714154021778788,26.854649211144693,82.4669292027638,100.0,43.38,High Risk,Reduce discretionary spending | Accelerate receivable collection
2024-02-05,0.0,700.0,-700.0,879.81,3,680.0,855.0,-297.2857142857143,2161.325651406676,5015.0,7096.0,-10.0,0.0,1,65.28324013557771,2.8372334512542006,0.0,82.75871157183823,75.0,39.48,High Risk,Increase cash inflows immediately | Maintain emergency cash reserve | Reduce discretionary spending | Accelerate receivable collection
2024-02-06,0.0,10.0,-10.0,869.81,1,-700.0,1950.0,-577.2857142857143,1936.9826805528808,3065.0,7106.0,-210.0,0.0,2,62.422950960342106,2.7961345859609925,0.0,84.84378658503644,50.0,36.17,High Risk,Increase cash inflows immediately | Maintain emergency cash reserve | Investigate continuous losses | Reduce discretionary spending | Accelerate receivable collection
2024-02-07,0.0,210.0,-210.0,659.81,2,-10.0,213.0,-637.7142857142857,1914.6887226810068,2265.0,6729.0,2190.0,0.0,3,96.74642106316949,1.933058414803616,0.0,85.05098975403713,25.0,45.45,High Risk,Increase cash inflows immediately | Maintain emergency cash reserve | Investigate continuous losses | Reduce discretionary spending | Accelerate receivable collection
2024-02-08,2600.0,410.0,2190.0,2849.81,4,-210.0,-4793.0,359.85714285714283,979.7724954585424,4558.0,2039.0,-100.0,6.341463414634147,0,63.996110006721686,10.933709914016255,25.54466632279617,93.74023220008417,100.0,48.88,High Risk,Reduce discretionary spending | Accelerate receivable collection
2024-02-09,0.0,100.0,-100.0,2749.81,1,2190.0,881.0,219.7142857142857,962.81907512704,3658.0,2120.0,250.0,0.0,1,69.00161606338402,10.522721261084172,0.0,93.89779966469841,75.0,44.2,High Risk,Increase cash inflows immediately | Reduce discretionary spending | Accelerate receivable collection
2024-02-10,750.0,500.0,250.0,2999.81,2,-100.0,-312.0,300.0,934.094927367262,4150.0,2050.0,155.0,1.5,0,67.6429787051471,11.550192893414382,6.042296072507555,94.16476591972032,100.0,47.46,High Risk,Reduce discretionary spending | Accelerate receivable collection
2024-02-11,200.0,45.0,155.0,3154.81,3,250.0,680.0,225.0,919.4608927699156,3550.0,1975.0,10090.0,4.444444444444445,0,100.0,12.18722530545911,17.90309947409646,94.30077668825511,100.0,60.77,Moderate Risk,Delay non-essential purchases
2024-02-12,10590.0,500.0,10090.0,13244.81,3,155.0,-700.0,1766.428571428571,3761.7158255749287,14140.0,1775.0,-10370.0,21.18,0,0.0,53.65598038630638,85.31722054380668,67.88446099547042,100.0,45.68,High Risk,Reduce discretionary spending | Accelerate receivable collection
2024-02-13,0.0,10370.0,-10370.0,2874.81,4,10090.0,-10.0,286.42857142857144,5968.073889654926,14140.0,12135.0,-2655.0,0.0,1,27.45591579308669,11.036457077249276,0.0,47.37825992274034,75.0,25.16,High Risk,Increase cash inflows immediately | Reduce discretionary spending | Accelerate receivable collection
2024-02-14,50.0,2705.0,-2655.0,219.81,5,-10370.0,-210.0,-62.85714285714285,6072.6023095147375,14190.0,14630.0,3004.0,0.018484288354898338,2,100.0,0.12470834190244681,0.07445836195326626,46.40675813871154,50.0,44.69,High Risk,Increase cash inflows immediately | Maintain emergency cash reserve | Investigate continuous losses | Reduce discretionary spending | Accelerate receivable collection
2024-02-15,3004.0,0.0,3004.0,3223.81,2,-2655.0,2190.0,53.42857142857143,6130.4510942546085,14594.0,14220.0,-235.0,10.0,0,62.06541481343765,12.470807475982248,40.281973816717034,45.86910342572481,100.0,46.09,High Risk,Reduce discretionary spending | Accelerate receivable collection
2024-02-16,0.0,235.0,-235.0,2988.81,3,3004.0,-100.0,34.142857142857146,6131.226506677958,14594.0,14355.0,-2740.9,0.0,1,26.227421592322987,11.504984141591851,0.0,45.86189663398671,75.0,24.72,High Risk,Increase cash inflows immediately | Reduce discretionary spending | Accelerate receivable collection
2024-02-17,0.0,2740.9,-2740.9,247.91,2,-235.0,250.0,-393.1285714285714,6217.287367953504,13844.0,16595.9,440.0,0.0,2,71.71889077985786,0.24019615337636238,0.0,45.06203492770262,50.0,34.68,High Risk,Increase cash inflows immediately | Maintain emergency cash reserve | Investigate continuous losses | Reduce discretionary spending | Accelerate receivable collection
2024-02-18,440.0,0.0,440.0,687.91,1,-2740.9,155.0,-352.4142857142857,6222.406126365306,14084.0,16550.9,-90.0,10.0,0,64.13912446548346,2.048546226277532,40.281973816717034,45.01446046961986,100.0,43.61,High Risk,Maintain emergency cash reserve | Reduce discretionary spending | Accelerate receivable collection
2024-02-19,40.0,130.0,-90.0,597.91,4,440.0,10090.0,-1806.7,4253.042922034363,3534.0,16180.9,-190.0,0.3076923076923077,1,62.70897987786566,1.6786564386386562,1.2394453482066783,63.31799810057353,75.0,36.47,High Risk,Increase cash inflows immediately | Maintain emergency cash reserve | Reduce discretionary spending | Accelerate receivable collection
2024-02-20,100.0,290.0,-190.0,407.91,2,-90.0,-10370.0,-352.41428571428565,1958.282751484532,3634.0,6100.9,-130.0,0.3448275862068966,2,63.567066630436344,0.8977779980676969,1.3890335798867943,84.64582074055326,50.0,36.19,High Risk,Increase cash inflows immediately | Maintain emergency cash reserve | Investigate continuous losses | Reduce discretionary spending | Accelerate receivable collection
2024-02-21,0.0,130.0,-130.0,277.91,1,-190.0,-2655.0,8.300000000000052,1675.6089231480169,3584.0,3525.9,3501.0,0.0,3,100.0,0.3634927492559877,0.0,87.2730309183736,25.0,46.34,High Risk,Increase cash inflows immediately | Maintain emergency cash reserve | Investigate continuous losses | Reduce discretionary spending | Accelerate receivable collection
2024-02-22,3600.0,99.0,3501.0,3778.91,5,-130.0,3004.0,79.30000000000005,1827.3587213972492,4180.0,3624.9,-260.0,36.36363636363637,0,61.7078786665332,14.752205488408245,100.0,85.86264702542987,100.0,59.61,Moderate Risk,Delay non-essential purchases
2024-02-23,0.0,260.0,-260.0,3518.91,3,3501.0,-235.0,75.72857142857148,1828.0996551193653,4180.0,3649.9,20165.0,0.0,1,100.0,13.68363499078483,0.0,85.85576068357328,75.0,55.19,Moderate Risk,Review operational expenses | Delay non-essential purchases
2024-02-24,20200.0,35.0,20165.0,23683.91,3,-260.0,-2740.9,3348.0,7535.944952912889,24380.0,944.0,-19.0,577.1428571428571,0,65.15452712269212,96.55949685453956,100.0,32.80624652078639,100.0,80.05,Stable,Maintain current financial strategy | Continue monitoring cashflow
2024-02-25,20100.0,20119.0,-19.0,23664.91,5,20165.0,440.0,3282.428571428572,7567.396356676947,44040.0,21063.0,-60.0,0.999055619066554,1,64.56816784176881,96.48140901048247,4.024393228868297,32.51393276623071,75.0,62.9,Moderate Risk,Review operational expenses | Delay non-essential purchases
2024-02-26,0.0,60.0,-60.0,23604.91,1,-19.0,-90.0,3286.714285714286,7565.176263958549,44000.0,20993.0,-10.0,0.0,2,65.28324013557771,96.23481581872322,0.0,32.53456661910562,50.0,59.97,Moderate Risk,Review operational expenses | Monitor recurring negative cashflow | Delay non-essential purchases
2024-02-27,0.0,10.0,-10.0,23594.91,1,-60.0,-190.0,3312.428571428572,7551.683098425645,43900.0,20713.0,10.0,0.0,3,65.56926905310128,96.19371695343001,0.0,32.659973990660575,25.0,57.57,Moderate Risk,Review operational expenses | Monitor recurring negative cashflow | Delay non-essential purchases
2024-02-28,150.0,140.0,10.0,23604.91,3,-10.0,-130.0,3332.428571428572,7541.224764743514,44050.0,20723.0,-700.0,1.0714285714285714,0,55.415242481014836,96.23481581872322,4.315925766076825,32.757175209657134,100.0,62.19,Moderate Risk,Delay non-essential purchases
2024-02-29,0.0,700.0,-700.0,22904.91,2,10.0,3501.0,2732.285714285714,7691.242741245515,40450.0,21324.0,-550.0,0.0,1,57.56045936244155,93.35789524819863,0.0,31.36288711075018,75.0,58.79,Moderate Risk,Review operational expenses | Delay non-essential purchases
2024-03-01,0.0,550.0,-550.0,22354.91,2,-700.0,-260.0,2690.8571428571427,7710.803037050707,40450.0,21614.0,-20.0,0.0,2,65.14022567681593,91.09745765707217,0.0,31.181090980125035,50.0,58.25,Moderate Risk,Review operational expenses | Monitor recurring negative cashflow | Delay non-essential purchases
2024-03-02,0.0,20.0,-20.0,22334.91,2,-550.0,20165.0,-192.7142857142857,299.190415558111,20250.0,21599.0,-228.0,0.0,3,62.16552493457089,91.01525992648575,0.0,100.0,25.0,61.56,Moderate Risk,Review operational expenses | Monitor recurring negative cashflow | Delay non-essential purchases
2024-03-03,200.0,428.0,-228.0,22106.91,8,-20.0,-19.0,-222.57142857142856,289.2282012198721,350.0,1908.0,15.0,0.4672897196261682,4,65.64077628248216,90.0782057978006,1.8823352250802352,100.0,0.0,60.28,Moderate Risk,Review operational expenses | Monitor recurring negative cashflow | Delay non-essential purchases
2024-03-04,200.0,185.0,15.0,22121.91,8,-228.0,-60.0,-211.8571428571429,297.524468781544,550.0,2033.0,-240.9,1.0810810810810811,0,61.9810362827682,90.13985409574042,4.354807980185626,100.0,100.0,69.39,Moderate Risk,Delay non-essential purchases
2024-03-05,0.0,240.9,-240.9,21881.01,1,15.0,-10.0,-244.8428571428572,283.9030459923599,550.0,2263.9,-320.0,0.0,1,60.84979191396251,89.14978243082702,0.0,100.0,75.0,65.54,Moderate Risk,Review operational expenses | Delay non-essential purchases
2024-03-06,300.0,620.0,-320.0,21561.01,6,-240.9,10.0,-291.9857142857143,261.00836786426737,700.0,2743.9,-4600.0,0.4838709677419355,2,0.0,87.83461874144434,1.949127765325018,100.0,50.0,41.64,High Risk,Increase cash inflows immediately | Investigate continuous losses | Reduce discretionary spending | Accelerate receivable collection
2024-03-07,0.0,4600.0,-4600.0,16961.01,1,-320.0,-700.0,-849.1285714285714,1664.7525589050415,700.0,6643.9,-297.0,0.0,3,61.178725169114614,68.92914070656848,0.0,87.37393148918738,25.0,53.33,Moderate Risk,Review operational expenses | Monitor recurring negative cashflow | Delay non-essential purchases
2024-03-08,0.0,297.0,-297.0,16664.01,4,-4600.0,-550.0,-812.9857142857143,1675.0438008487529,700.0,6390.9,-790.0,0.0,4,54.12811235215881,67.7085044073602,0.0,87.2782832442259,0.0,47.99,High Risk,Increase cash inflows immediately | Investigate continuous losses | Reduce discretionary spending | Accelerate receivable collection
2024-03-09,0.0,790.0,-790.0,15874.01,2,-297.0,-20.0,-922.9857142857144,1639.188437844117,700.0,7160.9,-535.0,0.0,5,57.774981050584216,64.46169404919674,0.0,87.61152801318654,0.0,48.32,High Risk,Increase cash inflows immediately | Investigate continuous losses | Reduce discretionary spending | Accelerate receivable collection
2024-03-10,0.0,535.0,-535.0,15339.01,2,-790.0,-228.0,-966.842857142857,1621.5062975076833,500.0,7267.9,-200.0,0.0,6,62.565965419103875,62.26290475601009,0.0,87.77586830365809,0.0,49.35,High Risk,Increase cash inflows immediately | Investigate continuous losses | Reduce discretionary spending | Accelerate receivable collection
2024-03-11,0.0,200.0,-200.0,15139.01,1,-535.0,15.0,-997.5571428571428,1601.7243331871257,300.0,7282.9,1630.0,0.0,7,88.73761137250978,61.44092745014591,0.0,87.9597246525323,0.0,58.29,Moderate Risk,Review operational expenses | Monitor recurring negative cashflow | Delay non-essential purchases
2024-03-12,1630.0,0.0,1630.0,16769.01,1,-200.0,-240.9,-730.2857142857143,1880.8071595537124,1930.0,7042.0,66.0,10.0,0,66.37015002216725,68.14004249293887,40.281973816717034,85.36588975030605,100.0,68.25,Moderate Risk,Delay non-essential purchases
2024-03-13,140.0,74.0,66.0,16835.01,3,1630.0,-320.0,-675.1428571428571,1900.397539864684,1770.0,6496.0,-5441.0,1.8918918918918919,0,0.0,68.41129500387406,7.620913965324845,85.18381401006779,100.0,40.18,High Risk,Reduce discretionary spending | Accelerate receivable collection
2024-03-14,200.0,5641.0,-5441.0,11394.01,5,66.0,-4600.0,-795.2857142857143,2193.8138567561223,1970.0,7537.0,200.0,0.03545470661230278,1,68.28654376957512,46.04940239783937,0.14281855634361648,82.45676163803832,75.0,53.48,Moderate Risk,Review operational expenses | Delay non-essential purchases
2024-03-15,300.0,100.0,200.0,11594.01,5,-5441.0,-297.0,-724.2857142857143,2220.507953471121,2270.0,7340.0,559.1,3.0,0,73.42219298371066,46.87137970370354,12.08459214501511,82.208662961942,100.0,59.79,Moderate Risk,Delay non-essential purchases
2024-03-16,800.0,240.9,559.1,12153.11,2,200.0,-790.0,-531.5571428571428,2271.808524690643,3070.0,6790.9,1831.0,3.3208800332088004,0,91.61220199362157,49.169217262246825,13.377160254617532,81.73186826315765,100.0,66.99,Moderate Risk,Delay non-essential purchases
2024-03-17,2150.0,319.0,1831.0,13984.11,3,559.1,-535.0,-193.55714285714288,2440.923330666166,5220.0,6574.9,240.0,6.739811912225705,0,68.85860160462224,56.69441949743328,27.14929269778735,80.16009155466776,100.0,63.2,Moderate Risk,Delay non-essential purchases
2024-03-18,250.0,10.0,240.0,14224.11,2,1831.0,-200.0,-130.70000000000002,2446.388950405597,5470.0,6384.9,-2025.0,25.0,0,36.46582669507888,57.680792264470284,100.0,80.10929331879275,100.0,63.08,Moderate Risk,Delay non-essential purchases
2024-03-19,1150.0,3175.0,-2025.0,12199.11,5,240.0,1630.0,-652.842857142857,2397.5261290596486,4990.0,9559.9,-11705.0,0.36220472440944884,1,0.0,49.35827204259558,1.459032122495263,80.56343122859694,75.0,30.58,High Risk,Increase cash inflows immediately | Reduce discretionary spending | Accelerate receivable collection
2024-03-20,920.0,12625.0,-11705.0,494.11,4,-2025.0,66.0,-2334.4142857142856,4766.697920793301,5770.0,22110.9,95.0,0.07287128712871287,2,66.78489195257642,1.2520502168951533,0.2935399280109281,58.5440165524082,50.0,34.65,High Risk,Increase cash inflows immediately | Maintain emergency cash reserve | Investigate continuous losses | Reduce discretionary spending | Accelerate receivable collection
2024-03-21,270.0,175.0,95.0,589.11,3,-11705.0,-5441.0,-1543.5571428571427,4622.4352931678495,5840.0,16644.9,4259.0,1.542857142857143,0,100.0,1.6424894371806331,6.21493310315063,59.884813632233694,100.0,52.41,Moderate Risk,Delay non-essential purchases
2024-03-22,4370.0,111.0,4259.0,4848.11,4,95.0,200.0,-963.7,5106.817110164276,9910.0,16655.9,-4510.0,39.369369369369366,0,0.9267336927763424,19.146496165558087,100.0,55.3829011380598,100.0,36.61,High Risk,Reduce discretionary spending | Accelerate receivable collection
2024-03-23,0.0,4510.0,-4510.0,338.11,2,4259.0,559.1,-1687.857142857143,5213.188161722513,9110.0,20925.0,5060.0,0.0,1,100.0,0.6109079183211021,0.0,54.394273676777594,75.0,48.12,High Risk,Increase cash inflows immediately | Maintain emergency cash reserve | Reduce discretionary spending | Accelerate receivable collection
2024-03-24,5800.0,740.0,5060.0,5398.11,5,-4510.0,1831.0,-1226.571428571429,5696.866298154412,12760.0,21346.0,51.0,7.837837837837838,0,66.15562833402457,21.40693375668455,31.572357856345786,49.89890128839255,100.0,49.3,High Risk,Reduce discretionary spending | Accelerate receivable collection
2024-03-25,100.0,49.0,51.0,5449.11,3,5060.0,240.0,-1253.571428571429,5689.199822386937,12610.0,21385.0,-120.0,2.0408163265306123,0,63.71008108919812,21.61653796967991,8.220810983003478,49.970154588646245,100.0,45.01,High Risk,Reduce discretionary spending | Accelerate receivable collection
2024-03-26,0.0,120.0,-120.0,5329.11,1,51.0,-2025.0,-981.4285714285714,5691.710605700851,11460.0,18330.0,-95.0,0.0,1,64.06761723610258,21.12335158616141,0.0,49.94681901663579,75.0,41.26,High Risk,Increase cash inflows immediately | Reduce discretionary spending | Accelerate receivable collection
2024-03-27,0.0,95.0,-95.0,5234.11,4,-120.0,-11705.0,677.1428571428571,3186.120285894807,10540.0,5800.0,430.0,0.0,2,71.57587632109608,20.73291236587593,0.0,73.2341266120388,50.0,43.59,High Risk,Increase cash inflows immediately | Investigate continuous losses | Reduce discretionary spending | Accelerate receivable collection
2024-03-28,5500.0,5070.0,430.0,5664.11,6,-95.0,95.0,725.0,3178.425501198132,15770.0,10695.0,-610.0,1.0848126232741617,0,56.702372609870864,22.500163573483892,4.369839368677391,73.30564301944803,100.0,44.58,High Risk,Reduce discretionary spending | Accelerate receivable collection
2024-03-29,170.0,780.0,-610.0,5054.11,5,430.0,4259.0,29.428571428571427,2784.500664819616,11570.0,11364.0,-550.0,0.21794871794871795,1,57.56045936244155,19.993132790598178,0.8779404549797303,76.96683565804564,75.0,41.47,High Risk,Increase cash inflows immediately | Reduce discretionary spending | Accelerate receivable collection
2024-03-30,0.0,550.0,-550.0,4504.11,2,-610.0,-4510.0,595.1428571428571,2000.4066610376349,11570.0,7404.0,179.0,0.0,2,67.98621340617538,17.732695199471717,0.0,84.25431522142276,50.0,42.54,High Risk,Increase cash inflows immediately | Investigate continuous losses | Reduce discretionary spending | Accelerate receivable collection
2024-03-31,970.0,791.0,179.0,4683.11,6,-550.0,5060.0,-102.14285714285714,375.1743721574541,6740.0,7455.0,-630.0,1.2262958280657397,0,56.416343692347304,18.468364888220144,4.939761643769346,99.35945189359164,100.0,45.96,High Risk,Reduce discretionary spending | Accelerate receivable collection
2024-04-01,0.0,630.0,-630.0,4053.11,4,179.0,51.0,-199.42857142857144,415.02283356567614,6640.0,8036.0,-140.0,0.0,1,63.42405217167456,15.87913637474802,0.0,98.98909470842793,75.0,44.36,High Risk,Increase cash inflows immediately | Reduce discretionary spending | Accelerate receivable collection
2024-04-02,1100.0,1240.0,-140.0,3913.11,6,-630.0,-120.0,-202.28571428571428,414.4533404721236,7740.0,9156.0,30.0,0.8870967741935484,2,65.85529797062483,15.303752260643105,3.5734009030958664,98.99438765705492,50.0,43.08,High Risk,Increase cash inflows immediately | Investigate continuous losses | Reduce discretionary spending | Accelerate receivable collection
2024-04-03,30.0,0.0,30.0,3943.11,1,-140.0,-95.0,-184.42857142857144,422.4617762364814,7770.0,9061.0,-800.0,10.0,0,53.985097893397025,15.42704885652273,40.281973816717034,98.91995613266387,100.0,49.46,High Risk,Reduce discretionary spending | Accelerate receivable collection
2024-04-04,0.0,800.0,-800.0,3143.11,3,30.0,430.0,-360.1428571428572,377.7390759820069,2270.0,4791.0,-310.0,0.0,1,60.992806372724296,12.139139633066058,0.0,99.33561517679826,75.0,42.42,High Risk,Increase cash inflows immediately | Reduce discretionary spending | Accelerate receivable collection
2024-04-05,0.0,310.0,-310.0,2833.11,4,-800.0,-610.0,-317.2857142857143,361.3284352153438,2100.0,4321.0,-80.0,0.0,2,64.28213892424525,10.865074808976598,0.0,99.48813797206533,50.0,40.71,High Risk,Increase cash inflows immediately | Investigate continuous losses | Reduce discretionary spending | Accelerate receivable collection
2024-04-06,280.0,360.0,-80.0,2753.11,6,-310.0,-550.0,-250.14285714285717,354.4810425449296,2380.0,4131.0,-30.0,0.7777777777777778,3,64.99721121805415,10.53628388663093,3.133042407966881,99.55177859921893,25.0,38.84,High Risk,Increase cash inflows immediately | Investigate continuous losses | Reduce discretionary spending | Accelerate receivable collection
2024-04-07,1850.0,1880.0,-30.0,2723.11,7,-80.0,179.0,-280.0,319.3743884533178,3260.0,5220.0,-2500.0,0.9840425531914894,4,29.67263990389429,10.412987290751305,3.963917636219496,99.87806476260899,0.0,24.09,High Risk,Increase cash inflows immediately | Investigate continuous losses | Reduce discretionary spending | Accelerate receivable collection
2024-04-08,0.0,2500.0,-2500.0,223.11,1,-30.0,-630.0,-547.1428571428571,905.3860002914452,3260.0,7090.0,184.0,0.0,5,68.05772063555627,0.1382709674492056,0.0,94.43159071157228,0.0,33.3,High Risk,Increase cash inflows immediately | Maintain emergency cash reserve | Investigate continuous losses | Reduce discretionary spending | Accelerate receivable collection
2024-04-09,1320.0,1136.0,184.0,407.11,7,-2500.0,-140.0,-500.8571428571428,937.3856247690918,3480.0,6986.0,496.0,1.1619718309859155,0,72.51977174892382,0.8944900888442402,4.68065188715374,94.13418171687037,100.0,45.77,High Risk,Maintain emergency cash reserve | Reduce discretionary spending | Accelerate receivable collection
2024-04-10,700.0,204.0,496.0,903.11,5,184.0,30.0,-434.2857142857143,996.0792663045628,4150.0,7190.0,-840.9,3.4313725490196076,0,53.40016875706135,2.9329938073873767,13.822245917500945,93.5886747864171,100.0,41.0,High Risk,Maintain emergency cash reserve | Reduce discretionary spending | Accelerate receivable collection
2024-04-11,230.0,1070.9,-840.9,62.21,4,496.0,-800.0,-440.1285714285714,998.6985442969684,4380.0,7460.9,1639.0,0.21477262115977214,1,88.86632438539537,0.0,0.8651465102105629,93.56433084965902,75.0,48.09,High Risk,Increase cash inflows immediately | Maintain emergency cash reserve | Reduce discretionary spending | Accelerate receivable collection
2024-04-12,32589.0,30950.0,1639.0,1701.21,5,-840.9,-310.0,-161.70000000000002,1274.596510011409,36969.0,38100.9,-50.0,1.0529563812600968,0,64.7111823005306,6.213094246438339,4.241516138006434,91.00009648869793,100.0,44.25,High Risk,Reduce discretionary spending | Accelerate receivable collection
2024-04-13,2300.0,2350.0,-50.0,1651.21,3,1639.0,-80.0,-157.41428571428574,1274.967385763979,38989.0,40090.9,-1650.0,0.9787234042553191,1,41.82886889864566,6.0075999199722965,3.9424910544020926,90.99664951747462,75.0,33.63,High Risk,Increase cash inflows immediately | Reduce discretionary spending | Accelerate receivable collection
2024-04-14,0.0,1650.0,-1650.0,1.21,2,-50.0,-30.0,-388.8428571428572,1389.8389857067643,37139.0,39860.9,545.0,0.0,2,73.22054259685655,0.0,0.0,89.92901676813881,50.0,39.62,High Risk,Increase cash inflows immediately | Maintain emergency cash reserve | Investigate continuous losses | Reduce discretionary spending | Accelerate receivable collection
2024-04-15,950.0,405.0,545.0,546.21,6,-1650.0,-2500.0,46.15714285714285,1055.1790872597917,38089.0,37765.9,470.0,2.345679012345679,0,72.14793415614321,1.466175305072769,9.448858055773133,93.0393927675098,100.0,46.41,High Risk,Maintain emergency cash reserve | Reduce discretionary spending | Accelerate receivable collection
2024-04-16,600.0,130.0,470.0,1016.21,2,545.0,184.0,87.0142857142857,1066.8781880304653,37369.0,36759.9,-850.0,4.615384615384615,0,53.270025599588124,3.397821973853564,18.59168022310017,92.9306596852965,100.0,41.75,High Risk,Reduce discretionary spending | Accelerate receivable collection
2024-04-17,3420.0,4270.0,-850.0,166.21,5,470.0,496.0,-105.2714285714286,1101.6112664551335,40089.0,40825.9,-130.0,0.8009367681498829,1,63.567066630436344,0.0,3.226331392345955,92.60784558651234,75.0,39.49,High Risk,Increase cash inflows immediately | Maintain emergency cash reserve | Reduce discretionary spending | Accelerate receivable collection
2024-04-18,0.0,130.0,-130.0,36.21,1,-850.0,-840.9,-3.7142857142857295,1054.241388279665,39859.0,39885.0,70.0,0.0,2,66.42735580567197,0.0,0.0,93.04810787325134,50.0,37.55,High Risk,Increase cash inflows immediately | Maintain emergency cash reserve | Investigate continuous losses | Reduce discretionary spending | Accelerate receivable collection
2024-04-19,500.0,430.0,70.0,106.21,4,-130.0,1639.0,-227.8571428571429,777.1521576823983,7770.0,9365.0,1050.0,1.1627906976744187,0,80.44277276432649,0.0,4.683950443804307,95.62341401699139,100.0,48.42,High Risk,Maintain emergency cash reserve | Reduce discretionary spending | Accelerate receivable collection
2024-04-20,1450.0,400.0,1050.0,1156.21,5,70.0,-50.0,-70.71428571428571,917.625688808806,6920.0,7415.0,780.0,3.625,0,76.5813823777584,3.9732060879584816,14.602215508559926,94.31783333107691,100.0,49.62,High Risk,Reduce discretionary spending | Accelerate receivable collection
2024-04-21,780.0,0.0,780.0,1936.21,1,1050.0,-1650.0,276.42857142857144,637.4736222366769,7700.0,5765.0,2435.0,10.0,0,100.0,7.178917580828736,40.281973816717034,96.92160590162946,100.0,62.89,Moderate Risk,Delay non-essential purchases
2024-04-22,2970.0,535.0,2435.0,4371.21,5,780.0,545.0,546.4285714285714,1042.0521191608166,9720.0,5895.0,-360.0,5.5514018691588785,0,60.27773407891539,17.186491279724976,22.3621424739532,93.16139664879057,100.0,48.92,High Risk,Reduce discretionary spending | Accelerate receivable collection
2024-04-23,300.0,660.0,-360.0,4011.21,4,2435.0,470.0,427.8571428571428,1097.9217380383143,9420.0,6425.0,1440.0,0.45454545454545453,1,86.02033665603594,15.706932129169479,1.8309988098507743,92.6421365807125,75.0,51.86,Moderate Risk,Review operational expenses | Delay non-essential purchases
2024-04-24,1571.0,131.0,1440.0,5451.21,4,-360.0,-850.0,755.0,989.5242964845598,7571.0,2286.0,1200.0,11.992366412213741,0,82.5879896457532,21.625168731391486,48.307618981727074,93.64959759461537,100.0,62.0,Moderate Risk,Delay non-essential purchases
2024-04-25,1200.0,0.0,1200.0,6651.21,1,1440.0,-130.0,945.0,916.2468735735272,8771.0,2156.0,520.0,10.0,0,72.86300644995211,26.557032566576495,40.281973816717034,94.3306482331171,100.0,58.94,Moderate Risk,Delay non-essential purchases
2024-04-26,1160.0,640.0,520.0,7171.21,4,1200.0,70.0,1009.2857142857144,858.5958914191438,9431.0,2366.0,-6853.0,1.8125,0,0.0,28.694173561823327,7.301107754279963,94.8664645411519,100.0,29.19,High Risk,Reduce discretionary spending | Accelerate receivable collection
2024-04-27,1060.0,7913.0,-6853.0,318.21,5,520.0,1050.0,-119.71428571428572,3090.6987728929257,9041.0,9879.0,1475.0,0.1339567799823076,1,86.52088726170217,0.5291211763876172,0.5396043503819039,74.12098752738012,75.0,45.43,High Risk,Increase cash inflows immediately | Maintain emergency cash reserve | Reduce discretionary spending | Accelerate receivable collection
2024-04-28,1600.0,125.0,1475.0,1793.21,7,-6853.0,780.0,-20.428571428571427,3135.260162365193,9861.0,10004.0,650.0,12.8,0,74.72219441385525,6.591203807135856,51.56092648539781,73.70682772826358,100.0,53.23,Moderate Risk,Delay non-essential purchases
2024-04-29,650.0,0.0,650.0,2443.21,1,1475.0,2435.0,-275.42857142857144,2970.53047210666,7541.0,9469.0,-2255.0,10.0,0,33.176494143557925,9.262630051194403,40.281973816717034,75.23784855669768,100.0,37.96,High Risk,Reduce discretionary spending | Accelerate receivable collection
2024-04-30,50.0,2305.0,-2255.0,188.21,8,650.0,-360.0,-546.1428571428571,3064.388325510287,7291.0,11114.0,1408.0,0.021691973969631236,1,85.56269038799825,0.0,0.0873795527477593,74.36552051281232,75.0,44.9,High Risk,Increase cash inflows immediately | Maintain emergency cash reserve | Reduce discretionary spending | Accelerate receivable collection
2024-05-01,1650.0,242.0,1408.0,1596.21,2,-2255.0,1440.0,-550.7142857142857,3060.953539573657,7370.0,11225.0,-1493.0,6.818181818181818,0,44.07419590120562,5.781556160859651,27.464982147761617,74.39744389469897,100.0,38.72,High Risk,Reduce discretionary spending | Accelerate receivable collection
2024-05-02,907.0,2400.0,-1493.0,103.21,10,1408.0,1200.0,-935.4285714285714,2972.190149656347,7077.0,13625.0,90.0,0.3779166666666667,1,66.71338472319552,0.0,1.5223229271567649,75.22242328094401,75.0,38.6,High Risk,Increase cash inflows immediately | Maintain emergency cash reserve | Reduce discretionary spending | Accelerate receivable collection
2024-05-03,320.0,230.0,90.0,193.21,3,-1493.0,520.0,-996.8571428571428,2941.380142527836,6237.0,13215.0,830.0,1.391304347826087,0,77.2964546715673,0.015385360222512494,5.6044485310215,75.50877580527597,100.0,45.45,High Risk,Maintain emergency cash reserve | Reduce discretionary spending | Accelerate receivable collection
2024-05-04,1380.0,550.0,830.0,1023.21,4,90.0,-6853.0,100.71428571428572,1444.5679532055603,6557.0,5852.0,370.0,2.5090909090909093,0,70.71778956852539,3.4265911795588098,10.107113430376275,89.4203580738388,100.0,46.24,High Risk,Reduce discretionary spending | Accelerate receivable collection
2024-05-05,800.0,430.0,370.0,1393.21,5,830.0,1475.0,-57.142857142857146,1324.7692161997152,5757.0,6157.0,-70.0,1.8604651162790697,0,64.42515338300703,4.94724919540752,7.494320710086891,90.53378432558608,100.0,44.21,High Risk,Reduce discretionary spending | Accelerate receivable collection
2024-05-06,250.0,320.0,-70.0,1323.21,6,370.0,650.0,-160.0,1288.1600573427452,5357.0,6477.0,-879.0,0.78125,1,52.85528366917897,4.659557138355062,3.1470292044310186,90.87403497884421,75.0,36.96,High Risk,Increase cash inflows immediately | Reduce discretionary spending | Accelerate receivable collection
2024-05-07,1850.0,2729.0,-879.0,444.21,10,-70.0,-2255.0,36.57142857142857,984.3434118136228,7157.0,6901.0,670.0,0.6779039941370465,2,75.00822333137882,1.0469668790820432,2.730731094207641,93.69774946285764,50.0,41.35,High Risk,Increase cash inflows immediately | Maintain emergency cash reserve | Investigate continuous losses | Reduce discretionary spending | Accelerate receivable collection
2024-05-08,1060.0,390.0,670.0,1114.21,6,-879.0,1408.0,-68.85714285714286,842.2391640880521,6567.0,7049.0,-1064.0,2.717948717948718,0,50.20951618208601,3.800590853727006,10.94843390915899,95.01848625739271,100.0,39.86,High Risk,Reduce discretionary spending | Accelerate receivable collection
2024-05-09,50.0,1114.0,-1064.0,50.21,8,670.0,-1493.0,-7.571428571428571,729.3873815613234,5710.0,5763.0,1770.0,0.04488330341113106,1,90.73981379517471,0.0,0.18079880528149478,96.06734654058253,75.0,48.89,High Risk,Increase cash inflows immediately | Maintain emergency cash reserve | Reduce discretionary spending | Accelerate receivable collection
2024-05-10,4000.0,2230.0,1770.0,1820.21,5,-1064.0,90.0,232.42857142857144,994.9100222537128,9390.0,7763.0,-890.9,1.7937219730941705,0,52.68509646325244,6.702170743427518,7.2254661554649395,93.59954190449741,100.0,40.89,High Risk,Reduce discretionary spending | Accelerate receivable collection
2024-05-11,570.0,1460.9,-890.9,929.31,6,1770.0,830.0,-13.414285714285713,1034.4708960438838,8580.0,8673.9,1265.0,0.3901704428776781,1,83.51758362770477,3.0406728344555822,1.571683556405552,93.23185759896181,75.0,47.2,High Risk,Increase cash inflows immediately | Maintain emergency cash reserve | Reduce discretionary spending | Accelerate receivable collection
2024-05-12,1750.0,485.0,1265.0,2194.31,5,-890.9,370.0,114.44285714285716,1139.7137533274486,9530.0,8728.9,11400.0,3.6082474226804124,0,100.0,8.239679294046445,14.53473282046491,92.25371573338691,100.0,58.88,Moderate Risk,Delay non-essential purchases
2024-05-13,11530.0,130.0,11400.0,13594.31,5,1265.0,-70.0,1753.0142857142855,4403.200563388919,20810.0,8538.9,-11300.0,88.6923076923077,0,0.0,55.092385728304016,100.0,61.92241193695264,100.0,47.72,High Risk,Reduce discretionary spending | Accelerate receivable collection
2024-05-14,0.0,11300.0,-11300.0,2294.31,6,11400.0,-879.0,264.30000000000007,6636.626180773877,18960.0,17109.9,-120.0,0.0,1,63.71008108919812,8.650667946978528,0.0,41.164641230238516,75.0,36.51,High Risk,Increase cash inflows immediately | Reduce discretionary spending | Accelerate receivable collection
2024-05-15,650.0,770.0,-120.0,2174.31,7,-11300.0,670.0,151.4428571428572,6635.294256689531,18550.0,17489.9,-60.0,0.8441558441558441,2,64.56816784176881,8.157481563460028,3.400426361151438,41.17702031935006,50.0,34.67,High Risk,Increase cash inflows immediately | Investigate continuous losses | Reduce discretionary spending | Accelerate receivable collection
2024-05-16,1130.0,1190.0,-60.0,2114.31,7,-120.0,-1064.0,294.8714285714286,6615.464001039349,19630.0,17565.9,-855.0,0.9495798319327731,3,53.19851837020724,7.910888371700778,3.8250949926798534,41.36132549460992,25.0,28.2,High Risk,Increase cash inflows immediately | Investigate continuous losses | Reduce discretionary spending | Accelerate receivable collection
2024-05-17,650.0,1505.0,-855.0,1259.31,4,-60.0,1770.0,-80.12857142857138,6592.268308332691,16280.0,16840.9,-375.0,0.4318936877076412,4,60.06321239077271,4.3969353891314595,1.7397530219844568,41.57690951354491,0.0,26.76,High Risk,Increase cash inflows immediately | Investigate continuous losses | Reduce discretionary spending | Accelerate receivable collection
2024-05-18,0.0,375.0,-375.0,884.31,4,-855.0,-890.9,-6.42857142857138,6584.572698288595,15710.0,15755.0,-575.0,0.0,5,57.202923215537105,2.8557279406361444,0.0,41.64843359184874,0.0,25.04,High Risk,Increase cash inflows immediately | Maintain emergency cash reserve | Investigate continuous losses | Reduce discretionary spending | Accelerate receivable collection
2024-05-19,100.0,675.0,-575.0,309.31,7,-375.0,1265.0,-269.2857142857142,6562.045811947305,14060.0,15945.0,-260.0,0.14814814814814814,6,61.7078786665332,0.49254318627666194,0.596769982469882,41.85780163068955,0.0,26.02,High Risk,Increase cash inflows immediately | Maintain emergency cash reserve | Investigate continuous losses | Reduce discretionary spending | Accelerate receivable collection
2024-05-20,0.0,260.0,-260.0,49.31,2,-575.0,11400.0,-1935.0,4138.604837381788,2530.0,16075.0,355.0,0.0,7,70.50326788038271,0.0,0.0,64.38160169804416,0.0,31.11,High Risk,Increase cash inflows immediately | Maintain emergency cash reserve | Investigate continuous losses | Reduce discretionary spending | Accelerate receivable collection
2024-05-21,1070.0,715.0,355.0,404.31,5,-260.0,-11300.0,-270.0,388.0721582385576,3600.0,5490.0,1631.0,1.4965034965034965,0,88.75191281838595,0.8829824065621417,6.028211466277934,99.23957806210525,100.0,52.16,Moderate Risk,Delay non-essential purchases
2024-05-22,5970.0,4339.0,1631.0,2035.31,8,355.0,-120.0,-19.857142857142858,822.2834929980504,8920.0,9059.0,-685.0,1.375893062917723,0,55.62976416915751,7.58620733588443,5.542368833505433,95.20395706132746,100.0,42.1,High Risk,Reduce discretionary spending | Accelerate receivable collection
2024-05-23,650.0,1335.0,-685.0,1350.31,8,1631.0,-60.0,-109.14285714285714,860.4166487950715,8440.0,9204.0,-260.0,0.4868913857677903,1,61.7078786665332,4.770935063299656,1.9612946053083204,94.8495421669175,75.0,40.31,High Risk,Increase cash inflows immediately | Reduce discretionary spending | Accelerate receivable collection
2024-05-24,600.0,860.0,-260.0,1090.31,4,-685.0,-855.0,-24.142857142857142,801.8500334790839,8390.0,8559.0,600.0,0.6976744186046512,2,74.00712212004635,3.7023645656762376,2.8103702662825842,95.39386849788394,50.0,41.97,High Risk,Increase cash inflows immediately | Investigate continuous losses | Reduce discretionary spending | Accelerate receivable collection
2024-05-25,1600.0,1000.0,600.0,1690.31,10,-260.0,-375.0,115.14285714285714,815.3149552108117,9990.0,9184.0,-520.0,1.6,0,57.9895027387269,6.168296483268741,6.445115810674726,95.26872362817554,100.0,42.64,High Risk,Reduce discretionary spending | Accelerate receivable collection
2024-05-26,0.0,520.0,-520.0,1170.31,6,600.0,-575.0,123.0,807.7858627135855,9890.0,9029.0,-851.0,0.0,1,53.255724153711945,4.031155488021905,0.0,95.33870006906102,75.0,36.88,High Risk,Increase cash inflows immediately | Reduce discretionary spending | Accelerate receivable collection
2024-05-27,0.0,851.0,-851.0,319.31,6,-520.0,-260.0,38.57142857142857,881.967281544059,9890.0,9620.0,-50.0,0.0,2,64.7111823005306,0.5336420515698703,0.0,94.6492475657873,50.0,37.27,High Risk,Increase cash inflows immediately | Maintain emergency cash reserve | Investigate continuous losses | Reduce discretionary spending | Accelerate receivable collection
2024-05-28,210.0,260.0,-50.0,269.31,3,-851.0,355.0,-19.285714285714285,870.965310117747,9030.0,9165.0,-245.9,0.8076923076923077,3,61.90952905338732,0.32814772510382834,3.2535440390425303,94.75150143017014,25.0,34.23,High Risk,Increase cash inflows immediately | Maintain emergency cash reserve | Investigate continuous losses | Reduce discretionary spending | Accelerate receivable collection
2024-05-29,450.0,695.9,-245.9,23.41,6,-50.0,1631.0,-287.4142857142857,478.9126588030815,3510.0,5521.9,738.0,0.6466446328495473,4,75.98072165095893,0.0,2.604812216916607,98.3952937183941,0.0,36.82,High Risk,Increase cash inflows immediately | Maintain emergency cash reserve | Investigate continuous losses | Reduce discretionary spending | Accelerate receivable collection
