Date,Cash_In,Cash_Out,Net_Cashflow,End_Balance,Transaction_Count,Lag_1,Lag_7,Rolling_Mean_7,Rolling_Std_7,Rolling_CashIn_7,Rolling_CashOut_7,Target
2023-08-24,1950.0,250.0,1700.0,4724.8,7,-800.0,-100.0,363.42857142857144,1568.8617803089874,5665.0,3121.0,-4528.0
2023-08-25,554.0,5082.0,-4528.0,196.8,12,1700.0,-170.0,-259.14285714285717,2439.13662515868,6219.0,8033.0,1619.0
2023-08-26,1700.0,81.0,1619.0,1815.8,6,-4528.0,-500.0,43.57142857142857,2533.912709437249,7919.0,7614.0,-1260.0
2023-08-27,240.0,1500.0,-1260.0,555.8,3,1619.0,15.0,-138.57142857142858,2581.6832917783736,8144.0,9114.0,840.0
2023-08-28,850.0,10.0,840.0,1395.8,2,-1260.0,-1000.0,124.28571428571429,2573.01436155376,8994.0,8124.0,-700.0
2023-08-29,600.0,1300.0,-700.0,695.8,3,840.0,3299.0,-447.0,2161.730865147956,6294.0,9423.0,755.0
2023-08-30,770.0,15.0,755.0,1450.8,3,-700.0,-800.0,-224.85714285714286,2198.9863140828793,6664.0,8238.0,2050.0
2023-08-31,2300.0,250.0,2050.0,3500.8,5,755.0,1700.0,-174.85714285714286,2253.354716015762,7014.0,8238.0,-3500.0
2023-09-01,0.0,3500.0,-3500.0,0.8,1,2050.0,-4528.0,-28.0,1933.1062222926769,6460.0,6656.0,34.0
2023-09-03,34.0,0.0,34.0,34.8,1,-3500.0,1619.0,-254.42857142857142,1796.0022139131538,4794.0,6575.0,1110.0
2023-09-04,1310.0,200.0,1110.0,1144.8,3,34.0,-1260.0,84.14285714285714,1798.2315783913393,5864.0,5275.0,1300.0
2023-09-05,1300.0,0.0,1300.0,2444.8,2,1110.0,840.0,149.85714285714286,1838.413303963631,6314.0,5265.0,-25.0
2023-09-06,0.0,25.0,-25.0,2419.8,2,1300.0,-700.0,246.28571428571428,1803.783497197461,5714.0,3990.0,130.0
2023-09-08,850.0,720.0,130.0,2549.8,3,-25.0,755.0,157.0,1789.8201958111129,5794.0,4695.0,50.0
2023-09-09,550.0,500.0,50.0,2599.8,4,130.0,2050.0,-128.71428571428572,1585.208158180465,4044.0,4945.0,-10.0
2023-09-11,0.0,10.0,-10.0,2589.8,1,50.0,-3500.0,369.85714285714283,575.300045938761,4044.0,1455.0,90.0
2023-09-12,180.0,90.0,90.0,2679.8,4,-10.0,34.0,377.85714285714283,570.2182121993361,4190.0,1545.0,-2250.0
2023-09-13,750.0,3000.0,-2250.0,429.8,3,90.0,1110.0,-102.14285714285714,1057.3309839041924,3630.0,4345.0,5860.0
2023-09-14,6170.0,310.0,5860.0,6289.8,5,-2250.0,1300.0,549.2857142857143,2493.936694885264,8500.0,4655.0,940.0
2023-09-15,980.0,40.0,940.0,7229.8,3,5860.0,-25.0,687.1428571428571,2483.550645653075,9480.0,4670.0,-230.0
2023-09-16,0.0,230.0,-230.0,6999.8,2,940.0,130.0,635.7142857142857,2500.6789554229535,8630.0,4180.0,21.0
2023-09-17,50.0,29.0,21.0,7020.8,3,-230.0,50.0,631.5714285714286,2501.8347838564964,8130.0,3709.0,209.0
2023-09-18,450.0,241.0,209.0,7229.8,2,21.0,-10.0,662.8571428571429,2493.831217796653,8580.0,3940.0,-129.0
2023-09-20,0.0,129.0,-129.0,7100.8,3,209.0,90.0,631.5714285714286,2503.5703077234084,8400.0,3979.0,551.0
2023-09-21,4051.0,3500.0,551.0,7651.8,4,-129.0,-2250.0,1031.7142857142858,2167.5417500235685,11701.0,4479.0,-5600.0
2023-09-22,0.0,5600.0,-5600.0,2051.8,7,551.0,5860.0,-605.4285714285714,2239.607767530053,5531.0,9769.0,1153.0
2023-09-23,1280.0,127.0,1153.0,3204.8,5,-5600.0,940.0,-575.0,2265.4027603644045,5831.0,9856.0,-110.0
2023-09-24,0.0,110.0,-110.0,3094.8,1,1153.0,-230.0,-557.8571428571429,2268.899911746617,5831.0,9736.0,1060.0
2023-09-25,1120.0,60.0,1060.0,4154.8,4,-110.0,21.0,-409.42857142857144,2345.76248137948,6901.0,9767.0,-3601.0
2023-09-26,400.0,4001.0,-3601.0,553.8,4,1060.0,209.0,-953.7142857142857,2605.9405029205673,6851.0,13527.0,70.0
2023-09-27,600.0,530.0,70.0,623.8,6,-3601.0,-129.0,-925.2857142857143,2617.496750350463,7451.0,13928.0,160.0
2023-09-28,1450.0,1290.0,160.0,783.8,3,70.0,551.0,-981.1428571428571,2584.708908727855,4850.0,11718.0,100.0
2023-09-29,600.0,500.0,100.0,883.8,2,160.0,-5600.0,-166.85714285714286,1595.7193183192144,5450.0,6618.0,105.0
2023-09-30,480.0,375.0,105.0,988.8,6,100.0,1153.0,-316.57142857142856,1497.381253738544,4650.0,6866.0,659.0
2023-10-01,5250.0,4591.0,659.0,1647.8,6,105.0,-110.0,-206.71428571428572,1542.5893506574912,9900.0,11347.0,170.0
2023-10-02,540.0,370.0,170.0,1817.8,2,659.0,1060.0,-333.85714285714283,1454.973244722094,9320.0,11657.0,571.0
2023-10-03,600.0,29.0,571.0,2388.8,3,170.0,-3601.0,262.14285714285717,244.85194749168724,9520.0,7685.0,170.0
2023-10-04,250.0,80.0,170.0,2558.8,4,571.0,70.0,276.42857142857144,234.4702235130966,9170.0,7235.0,410.0
2023-10-05,600.0,190.0,410.0,2968.8,4,170.0,160.0,312.14285714285717,232.81425255012195,8320.0,6135.0,114.0
2023-10-06,920.0,806.0,114.0,3082.8,7,410.0,100.0,314.14285714285717,230.73897848103596,8640.0,6441.0,-39.0
2023-10-07,2330.0,2369.0,-39.0,3043.8,5,114.0,105.0,293.57142857142856,257.37447240861866,10490.0,8435.0,1800.0
2023-10-08,1900.0,100.0,1800.0,4843.8,2,-39.0,659.0,456.57142857142856,625.4672539104517,7140.0,3944.0,-1960.0
2023-10-09,200.0,2160.0,-1960.0,2883.8,5,1800.0,170.0,152.28571428571428,1114.811002559881,6800.0,5734.0,-235.0
2023-10-10,100.0,335.0,-235.0,2648.8,4,-1960.0,571.0,37.142857142857146,1105.9449095036962,6300.0,6040.0,-570.0
2023-10-11,250.0,820.0,-570.0,2078.8,5,-235.0,170.0,-68.57142857142857,1126.3086991203973,6300.0,6780.0,1200.0
2023-10-12,1200.0,0.0,1200.0,3278.8,2,-570.0,410.0,44.285714285714285,1218.0936901959694,6900.0,6590.0,600.0
2023-10-13,600.0,0.0,600.0,3878.8,1,1200.0,114.0,113.71428571428571,1236.4417649429488,6580.0,5784.0,-1020.0
2023-10-14,0.0,1020.0,-1020.0,2858.8,3,600.0,-39.0,-26.428571428571427,1310.0404392158848,4250.0,4435.0,-915.0
2023-10-15,0.0,915.0,-915.0,1943.8,4,-1020.0,1800.0,-414.2857142857143,1056.5605700078127,2350.0,5250.0,300.0
2023-10-16,1300.0,1000.0,300.0,2243.8,2,-915.0,-1960.0,-91.42857142857143,825.5539265937033,3450.0,4090.0,709.0
2023-10-17,950.0,241.0,709.0,2952.8,2,300.0,-235.0,43.42857142857143,873.880590077547,4300.0,3996.0,930.0
2023-10-18,930.0,0.0,930.0,3882.8,1,709.0,-570.0,257.7142857142857,882.2593561014627,4980.0,3176.0,-35.0
2023-10-19,0.0,35.0,-35.0,3847.8,2,930.0,1200.0,81.28571428571429,779.9764343204441,3780.0,3211.0,-540.0
2023-10-20,0.0,540.0,-540.0,3307.8,2,-35.0,600.0,-81.57142857142857,772.5988301705798,3180.0,3751.0,-2606.0
2023-10-21,830.0,3436.0,-2606.0,701.8,3,-540.0,-1020.0,-308.14285714285717,1205.141959628466,4010.0,6167.0,-210.0
2023-10-22,0.0,210.0,-210.0,491.8,2,-2606.0,-915.0,-207.42857142857142,1175.057141467717,4010.0,5462.0,200.0
2023-10-23,370.0,170.0,200.0,691.8,4,-210.0,300.0,-221.71428571428572,1168.4492164525457,3080.0,4632.0,-93.0
2023-10-24,350.0,443.0,-93.0,598.8,7,200.0,709.0,-336.2857142857143,1099.2492459683115,2480.0,4834.0,921.0
2023-10-25,1000.0,79.0,921.0,1519.8,3,-93.0,930.0,-337.57142857142856,1097.5252247887588,2550.0,4913.0,-10.0
2023-10-26,0.0,10.0,-10.0,1509.8,1,921.0,-35.0,-334.0,1098.71394518015,2550.0,4888.0,36.0
2023-10-28,800.0,764.0,36.0,1545.8,5,-10.0,-540.0,-251.71428571428572,1102.2780523814765,3350.0,5112.0,-20.0
2023-10-30,202.0,222.0,-20.0,1525.8,4,36.0,-2606.0,117.71428571428571,375.4529328183505,2722.0,1898.0,-30.0
2023-10-31,0.0,30.0,-30.0,1495.8,1,-20.0,-210.0,143.42857142857142,354.8670441836141,2722.0,1718.0,-145.0
2023-11-01,0.0,145.0,-145.0,1350.8,1,-30.0,200.0,94.14285714285714,369.3622560447565,2352.0,1693.0,-380.0
2023-11-02,280.0,660.0,-380.0,970.8,4,-145.0,-93.0,53.142857142857146,407.5522169290772,2282.0,1910.0,-240.0
2023-11-03,0.0,240.0,-240.0,730.8,2,-380.0,921.0,-112.71428571428571,150.99085434301713,1282.0,2071.0,-519.0
2023-11-04,0.0,519.0,-519.0,211.8,2,-240.0,-10.0,-185.42857142857142,205.8703938103174,1282.0,2580.0,-20.0
2023-11-05,0.0,20.0,-20.0,191.8,1,-519.0,36.0,-193.42857142857142,196.71625686323398,482.0,1836.0,-105.0
2023-11-06,200.0,305.0,-105.0,86.8,3,-20.0,-20.0,-205.57142857142858,186.58943980733525,480.0,1919.0,539.0
2023-11-07,1150.0,611.0,539.0,625.8,5,-105.0,-30.0,-124.28571428571429,338.18225573680564,1630.0,2500.0,395.0
2023-11-08,445.0,50.0,395.0,1020.8,4,539.0,-145.0,-47.142857142857146,390.25095710812246,2075.0,2405.0,3010.0
2023-11-09,3150.0,140.0,3010.0,4030.8,3,395.0,-380.0,437.14285714285717,1190.7543027525894,4945.0,1885.0,-1290.0
2023-11-10,10.0,1300.0,-1290.0,2740.8,3,3010.0,-240.0,287.14285714285717,1346.2525058560914,4955.0,2945.0,3250.0
2023-11-11,3440.0,190.0,3250.0,5990.8,4,-1290.0,-519.0,825.5714285714286,1681.9479636364936,8395.0,2616.0,1360.0
2023-11-12,4900.0,3540.0,1360.0,7350.8,6,3250.0,-20.0,1022.7142857142857,1646.8282357596477,13295.0,6136.0,-1220.0
2023-11-13,0.0,1220.0,-1220.0,6130.8,3,1360.0,-105.0,863.4285714285714,1819.0053928033349,13095.0,7051.0,18841.0
2023-11-14,38001.0,19160.0,18841.0,24971.8,9,-1220.0,539.0,3478.0,7012.947763482439,49946.0,25600.0,-12511.0
2023-11-15,2000.0,14511.0,-12511.0,12460.8,7,18841.0,395.0,1634.2857142857142,9286.521356501686,51501.0,40061.0,45720.0
2023-11-16,46720.0,1000.0,45720.0,58180.8,4,-12511.0,3010.0,7735.714285714285,19142.023897821302,95071.0,40921.0,-27980.0
2023-11-17,270.0,28250.0,-27980.0,30200.8,5,45720.0,-1290.0,3922.8571428571427,23419.671378484167,95331.0,67871.0,-430.0
2023-11-18,0.0,430.0,-430.0,29770.8,2,-27980.0,3250.0,3397.1428571428573,23478.52225920938,91891.0,68111.0,80.0
2023-11-19,600.0,520.0,80.0,29850.8,4,-430.0,1360.0,3214.285714285714,23502.00513937967,87591.0,65091.0,1455.0
2023-11-20,1700.0,245.0,1455.0,31305.8,3,80.0,-1220.0,3596.4285714285716,23439.551466535806,89291.0,64116.0,2200.0
2023-11-21,2200.0,0.0,2200.0,33505.8,1,1455.0,18841.0,1219.142857142857,22459.10387369727,53490.0,44956.0,760.0
2023-11-22,1250.0,490.0,760.0,34265.8,3,2200.0,-12511.0,3115.0,21652.56778459928,52740.0,30935.0,550.0
2023-11-23,550.0,0.0,550.0,34815.8,3,760.0,45720.0,-3337.8571428571427,10900.45712234998,6570.0,29935.0,1329.0
2023-11-24,1600.0,271.0,1329.0,36144.8,4,550.0,-27980.0,849.1428571428571,889.5093082839304,7900.0,1956.0,1759.0
2023-11-25,2200.0,441.0,1759.0,37903.8,3,1329.0,-430.0,1161.857142857143,736.485217903538,10100.0,1967.0,-3931.0
2023-11-26,1070.0,5001.0,-3931.0,33972.8,3,1759.0,80.0,588.8571428571429,2070.5449708205865,10570.0,6448.0,811.0
2023-11-27,950.0,139.0,811.0,34783.8,3,-3931.0,1455.0,496.85714285714283,2039.7236274040715,9820.0,6342.0,731.0
2023-11-28,900.0,169.0,731.0,35514.8,4,811.0,2200.0,287.0,1906.5099877349926,8520.0,6511.0,-29781.0
2023-11-29,2151.0,31932.0,-29781.0,5733.8,9,731.0,760.0,-4076.0,11492.16540372904,9421.0,37953.0,1011.0
2023-12-01,1500.0,489.0,1011.0,6744.8,4,-29781.0,550.0,-4010.1428571428573,11524.369302027932,10371.0,38442.0,60.0
2023-12-02,600.0,540.0,60.0,6804.8,3,1011.0,1329.0,-4191.428571428572,11436.025618735772,9371.0,38711.0,450.0
2023-12-03,1450.0,1000.0,450.0,7254.8,2,60.0,1759.0,-4378.428571428572,11332.744355143974,8621.0,39270.0,-889.0
2023-12-04,900.0,1789.0,-889.0,6365.8,3,450.0,-3931.0,-3943.8571428571427,11410.81738860939,8451.0,36058.0,-5700.0
2023-12-05,7560.0,13260.0,-5700.0,665.8,4,-889.0,811.0,-4874.0,11222.445752449268,15061.0,49179.0,-138.0
2023-12-06,0.0,138.0,-138.0,527.8,1,-5700.0,731.0,-4998.142857142857,11154.7114325229,14161.0,49148.0,62.0
2023-12-07,150.0,88.0,62.0,589.8,3,-138.0,-29781.0,-734.8571428571429,2263.8950526744247,12160.0,17304.0,1555.0
2023-12-08,1630.0,75.0,1555.0,2144.8,3,62.0,1011.0,-657.1428571428571,2341.8111529733565,12290.0,16890.0,50.0
2023-12-09,210.0,160.0,50.0,2194.8,3,1555.0,60.0,-658.5714285714286,2341.303757677378,11900.0,16510.0,435.0
2023-12-10,450.0,15.0,435.0,2629.8,3,50.0,450.0,-660.7142857142857,2340.1266144011306,10900.0,15525.0,2270.0
2023-12-11,2300.0,30.0,2270.0,4899.8,2,435.0,-889.0,-209.42857142857142,2580.9725464859575,12300.0,13766.0,161.0
2023-12-12,400.0,239.0,161.0,5060.8,2,2270.0,-5700.0,627.8571428571429,917.6080188132601,5140.0,745.0,1600.0
2023-12-13,2150.0,550.0,1600.0,6660.8,4,161.0,-138.0,876.1428571428571,910.954705893984,7290.0,1157.0,-1460.0
2023-12-14,550.0,2010.0,-1460.0,5200.8,3,1600.0,62.0,658.7142857142857,1254.514476372629,7690.0,3079.0,-30.0
2023-12-15,0.0,30.0,-30.0,5170.8,1,-1460.0,1555.0,432.2857142857143,1207.956223583934,6060.0,3034.0,170.0
2023-12-16,700.0,530.0,170.0,5340.8,3,-30.0,50.0,449.42857142857144,1202.4657801288456,6550.0,3404.0,1430.0
2023-12-17,1600.0,170.0,1430.0,6770.8,5,170.0,435.0,591.5714285714286,1258.00263077926,7700.0,3559.0,1670.0
2023-12-18,2970.0,1300.0,1670.0,8440.8,3,1430.0,2270.0,505.85714285714283,1139.4355954552223,8370.0,4829.0,-565.0
2023-12-19,0.0,565.0,-565.0,7875.8,3,1670.0,161.0,402.14285714285717,1207.0896719756977,7970.0,5155.0,200.0
2023-12-20,1100.0,900.0,200.0,8075.8,2,-565.0,1600.0,202.14285714285714,1085.387247110633,6920.0,5505.0,975.51
2023-12-21,1475.51,500.0,975.51,9051.31,3,200.0,-1460.0,550.0728571428572,822.2310829832026,7845.51,3995.0,2385.0
2023-12-22,2440.0,55.0,2385.0,11436.31,3,975.51,-30.0,895.0728571428572,1020.9213014839727,10285.51,4020.0,2474.1
2023-12-23,2730.0,255.9,2474.1,13910.41,3,2385.0,170.0,1224.23,1115.2628180388324,12315.51,3745.9,-3355.0
2023-12-24,800.0,4155.0,-3355.0,10555.41,6,2474.1,1430.0,540.6585714285715,2046.0931770117916,11515.51,7730.9,-5219.0
2023-12-25,701.0,5920.0,-5219.0,5336.41,5,-3355.0,1670.0,-443.4842857142857,2893.5986357351803,9246.51,12350.9,850.0
2023-12-26,850.0,0.0,850.0,6186.41,1,-5219.0,-565.0,-241.34142857142857,2932.853609657474,10096.51,11785.9,-6055.9
2023-12-27,200.0,6255.9,-6055.9,130.51,6,850.0,200.0,-1135.0414285714285,3643.102914368585,9196.51,17141.8,208.0
2023-12-28,228.0,20.0,208.0,338.51,2,-6055.9,975.51,-1244.685714285714,3579.999369845638,7949.0,16661.8,540.0
2023-12-29,550.0,10.0,540.0,878.51,2,208.0,2385.0,-1508.2571428571428,3327.225279346702,6059.0,16616.8,-578.0
2023-12-30,0.0,578.0,-578.0,300.51,2,540.0,2474.1,-1944.2714285714285,2889.579528071091,3329.0,16938.9,1759.0
2023-12-31,1759.0,0.0,1759.0,2059.51,2,-578.0,-3355.0,-1213.7,3111.428958426218,4288.0,12783.9,1175.0
2024-01-01,6270.0,5095.0,1175.0,3234.51,6,1759.0,-5219.0,-300.27142857142854,2642.8815805948516,9857.0,11958.9,-810.0
2024-01-02,0.0,810.0,-810.0,2424.51,3,1175.0,850.0,-537.4142857142857,2596.53551258117,9007.0,12768.9,50.0
2024-01-03,70.0,20.0,50.0,2474.51,2,-810.0,-6055.9,334.85714285714283,914.4532844950184,8877.0,6533.0,-1141.0
2024-01-04,600.0,1741.0,-1141.0,1333.51,3,50.0,208.0,142.14285714285714,1073.8900360482576,9249.0,8254.0,-950.0
2024-01-06,550.0,1500.0,-950.0,383.51,2,-1141.0,540.0,-70.71428571428571,1128.1819762026385,9249.0,9744.0,900.0
2024-01-08,2100.0,1200.0,900.0,1283.51,4,-950.0,-578.0,140.42857142857142,1155.396448142745,11349.0,10366.0,-555.9
2024-01-09,0.0,555.9,-555.9,727.61,3,900.0,1759.0,-190.27142857142857,922.7863868275286,9590.0,10921.9,2150.0
2024-01-10,2790.0,640.0,2150.0,2877.61,5,-555.9,1175.0,-50.9857142857143,1196.26564835261,6110.0,6466.9,-1000.0
2024-01-11,0.0,1000.0,-1000.0,1877.61,1,2150.0,-810.0,-78.12857142857145,1218.3101202270045,6110.0,6656.9,830.0
2024-01-12,1160.0,330.0,830.0,2707.61,4,-1000.0,50.0,33.29999999999999,1266.691463353745,7200.0,6966.9,-950.0
2024-01-13,0.0,950.0,-950.0,1757.61,3,830.0,-1141.0,60.585714285714275,1238.9330361626314,6600.0,6175.9,275.0
2024-01-14,290.0,15.0,275.0,2032.61,2,-950.0,-950.0,235.58571428571426,1156.1462860563202,6340.0,4690.9,-190.0
2024-01-15,0.0,190.0,-190.0,1842.61,2,275.0,900.0,79.87142857142855,1124.721720714745,4240.0,3680.9,1640.0
2024-01-16,1650.0,10.0,1640.0,3482.61,3,-190.0,-555.9,393.57142857142856,1220.036591957062,5890.0,3135.0,-20.0
2024-01-17,0.0,20.0,-20.0,3462.61,2,1640.0,2150.0,83.57142857142857,943.7721930534245,3100.0,2515.0,-315.0
2024-01-18,0.0,315.0,-315.0,3147.61,2,-20.0,-1000.0,181.42857142857142,842.8063947595181,3100.0,1830.0,-895.9
2024-01-19,0.0,895.9,-895.9,2251.71,3,-315.0,830.0,-65.12857142857142,873.3455496237086,1940.0,2395.8999999999996,90.0
2024-01-20,90.0,0.0,90.0,2341.71,1,-895.9,-950.0,83.44285714285715,781.3394308432117,2030.0,1445.8999999999999,230.0
2024-01-21,580.0,350.0,230.0,2571.71,3,90.0,275.0,77.01428571428572,779.6840608617202,2320.0,1780.9,-10.0
2024-01-22,0.0,10.0,-10.0,2561.71,1,230.0,-190.0,102.72857142857143,772.3438023623527,2320.0,1600.9,-390.9
2024-01-24,350.0,740.9,-390.9,2170.81,3,-10.0,1640.0,-187.4,380.86158903192,1020.0,2331.8,40.0
2024-01-26,300.0,260.0,40.0,2210.81,2,-390.9,-20.0,-178.82857142857142,385.8987376426681,1320.0,2571.8,-105.0
2024-01-27,550.0,655.0,-105.0,2105.81,4,40.0,-315.0,-148.82857142857142,381.6881393417991,1870.0,2911.8,855.0
2024-01-28,1720.0,865.0,855.0,2960.81,4,-105.0,-895.9,101.3,384.21369487988204,3590.0,2880.9,1950.0
2024-01-29,1950.0,0.0,1950.0,4910.81,2,855.0,90.0,367.0142857142857,796.7701894284332,5450.0,2880.9,213.0
2024-01-30,800.0,587.0,213.0,5123.81,4,1950.0,230.0,364.5857142857143,797.2831584586629,5670.0,3117.9,-4793.0
2024-01-31,307.0,5100.0,-4793.0,330.81,4,213.0,-10.0,-318.7,2121.5632200494492,5977.0,8207.9,881.0
2024-02-01,900.0,19.0,881.0,1211.81,2,-4793.0,-390.9,-137.0,2168.2998716352063,6527.0,7486.0,-312.0
2024-02-03,258.0,570.0,-312.0,899.81,5,881.0,40.0,-187.28571428571428,2167.5924212733867,6485.0,7796.0,680.0
2024-02-04,800.0,120.0,680.0,1579.81,2,-312.0,-105.0,-75.14285714285715,2192.7198809219553,6735.0,7261.0,-700.0
2024-02-05,0.0,700.0,-700.0,879.81,3,680.0,855.0,-297.2857142857143,2161.3256514066757,5015.0,7096.0,-10.0
2024-02-06,0.0,10.0,-10.0,869.81,1,-700.0,1950.0,-577.2857142857143,1936.9826805528812,3065.0,7106.0,-210.0
2024-02-07,0.0,210.0,-210.0,659.81,2,-10.0,213.0,-637.7142857142857,1914.6887226810068,2265.0,6729.0,2190.0
2024-02-08,2600.0,410.0,2190.0,2849.81,4,-210.0,-4793.0,359.85714285714283,979.7724954585424,4558.0,2039.0,-100.0
2024-02-09,0.0,100.0,-100.0,2749.81,1,2190.0,881.0,219.71428571428572,962.8190751270399,3658.0,2120.0,250.0
2024-02-10,750.0,500.0,250.0,2999.81,2,-100.0,-312.0,300.0,934.0949273672619,4150.0,2050.0,155.0
2024-02-11,200.0,45.0,155.0,3154.81,3,250.0,680.0,225.0,919.4608927699157,3550.0,1975.0,10090.0
2024-02-12,10590.0,500.0,10090.0,13244.81,3,155.0,-700.0,1766.4285714285713,3761.7158255749287,14140.0,1775.0,-10370.0
2024-02-13,0.0,10370.0,-10370.0,2874.81,4,10090.0,-10.0,286.42857142857144,5968.073889654926,14140.0,12135.0,-2655.0
2024-02-14,50.0,2705.0,-2655.0,219.81,5,-10370.0,-210.0,-62.857142857142854,6072.6023095147375,14190.0,14630.0,3004.0
2024-02-15,3004.0,0.0,3004.0,3223.81,2,-2655.0,2190.0,53.42857142857143,6130.4510942546085,14594.0,14220.0,-235.0
2024-02-16,0.0,235.0,-235.0,2988.81,3,3004.0,-100.0,34.142857142857146,6131.226506677958,14594.0,14355.0,-2740.9
2024-02-17,0.0,2740.9,-2740.9,247.91,2,-235.0,250.0,-393.12857142857143,6217.287367953504,13844.0,16595.9,440.0
2024-02-18,440.0,0.0,440.0,687.91,1,-2740.9,155.0,-352.4142857142857,6222.406126365306,14084.0,16550.9,-90.0
2024-02-19,40.0,130.0,-90.0,597.91,4,440.0,10090.0,-1806.7,4253.042922034363,3534.0,16180.9,-190.0
2024-02-20,100.0,290.0,-190.0,407.91,2,-90.0,-10370.0,-352.41428571428565,1958.2827514845321,3634.0,6100.9,-130.0
2024-02-21,0.0,130.0,-130.0,277.91,1,-190.0,-2655.0,8.300000000000052,1675.6089231480169,3584.0,3525.9,3501.0
2024-02-22,3600.0,99.0,3501.0,3778.91,5,-130.0,3004.0,79.30000000000005,1827.3587213972494,4180.0,3624.9,-260.0
2024-02-23,0.0,260.0,-260.0,3518.91,3,3501.0,-235.0,75.72857142857148,1828.0996551193653,4180.0,3649.9,20165.0
2024-02-24,20200.0,35.0,20165.0,23683.91,3,-260.0,-2740.9,3348.0,7535.944952912889,24380.0,944.0,-19.0
2024-02-25,20100.0,20119.0,-19.0,23664.91,5,20165.0,440.0,3282.4285714285716,7567.396356676947,44040.0,21063.0,-60.0
2024-02-26,0.0,60.0,-60.0,23604.91,1,-19.0,-90.0,3286.714285714286,7565.176263958549,44000.0,20993.0,-10.0
2024-02-27,0.0,10.0,-10.0,23594.91,1,-60.0,-190.0,3312.4285714285716,7551.683098425645,43900.0,20713.0,10.0
2024-02-28,150.0,140.0,10.0,23604.91,3,-10.0,-130.0,3332.4285714285716,7541.224764743514,44050.0,20723.0,-700.0
2024-02-29,0.0,700.0,-700.0,22904.91,2,10.0,3501.0,2732.285714285714,7691.242741245515,40450.0,21324.0,-550.0
2024-03-01,0.0,550.0,-550.0,22354.91,2,-700.0,-260.0,2690.8571428571427,7710.803037050707,40450.0,21614.0,-20.0
2024-03-02,0.0,20.0,-20.0,22334.91,2,-550.0,20165.0,-192.71428571428572,299.190415558111,20250.0,21599.0,-228.0
2024-03-03,200.0,428.0,-228.0,22106.91,8,-20.0,-19.0,-222.57142857142858,289.2282012198721,350.0,1908.0,15.0
2024-03-04,200.0,185.0,15.0,22121.91,8,-228.0,-60.0,-211.85714285714286,297.52446878154393,550.0,2033.0,-240.9
2024-03-05,0.0,240.9,-240.9,21881.01,1,15.0,-10.0,-244.84285714285716,283.9030459923599,550.0,2263.9,-320.0
2024-03-06,300.0,620.0,-320.0,21561.01,6,-240.9,10.0,-291.9857142857143,261.00836786426737,700.0,2743.9,-4600.0
2024-03-07,0.0,4600.0,-4600.0,16961.01,1,-320.0,-700.0,-849.1285714285714,1664.7525589050417,700.0,6643.9,-297.0
2024-03-08,0.0,297.0,-297.0,16664.01,4,-4600.0,-550.0,-812.9857142857143,1675.0438008487529,700.0,6390.9,-790.0
2024-03-09,0.0,790.0,-790.0,15874.01,2,-297.0,-20.0,-922.9857142857143,1639.188437844117,700.0,7160.9,-535.0
2024-03-10,0.0,535.0,-535.0,15339.01,2,-790.0,-228.0,-966.842857142857,1621.5062975076833,500.0,7267.9,-200.0
2024-03-11,0.0,200.0,-200.0,15139.01,1,-535.0,15.0,-997.5571428571428,1601.7243331871257,300.0,7282.9,1630.0
2024-03-12,1630.0,0.0,1630.0,16769.01,1,-200.0,-240.9,-730.2857142857143,1880.8071595537124,1930.0,7042.0,66.0
2024-03-13,140.0,74.0,66.0,16835.01,3,1630.0,-320.0,-675.1428571428571,1900.3975398646837,1770.0,6496.0,-5441.0
2024-03-14,200.0,5641.0,-5441.0,11394.01,5,66.0,-4600.0,-795.2857142857143,2193.8138567561223,1970.0,7537.0,200.0
2024-03-15,300.0,100.0,200.0,11594.01,5,-5441.0,-297.0,-724.2857142857143,2220.507953471121,2270.0,7340.0,559.1
2024-03-16,800.0,240.9,559.1,12153.11,2,200.0,-790.0,-531.5571428571428,2271.808524690643,3070.0,6790.9,1831.0
2024-03-17,2150.0,319.0,1831.0,13984.11,3,559.1,-535.0,-193.55714285714288,2440.923330666166,5220.0,6574.9,240.0
2024-03-18,250.0,10.0,240.0,14224.11,2,1831.0,-200.0,-130.70000000000002,2446.388950405597,5470.0,6384.9,-2025.0
2024-03-19,1150.0,3175.0,-2025.0,12199.11,5,240.0,1630.0,-652.842857142857,2397.5261290596486,4990.0,9559.9,-11705.0
2024-03-20,920.0,12625.0,-11705.0,494.11,4,-2025.0,66.0,-2334.4142857142856,4766.697920793301,5770.0,22110.9,95.0
2024-03-21,270.0,175.0,95.0,589.11,3,-11705.0,-5441.0,-1543.5571428571427,4622.4352931678495,5840.0,16644.9,4259.0
2024-03-22,4370.0,111.0,4259.0,4848.11,4,95.0,200.0,-963.6999999999999,5106.817110164276,9910.0,16655.9,-4510.0
2024-03-23,0.0,4510.0,-4510.0,338.11,2,4259.0,559.1,-1687.857142857143,5213.188161722513,9110.0,20925.0,5060.0
2024-03-24,5800.0,740.0,5060.0,5398.11,5,-4510.0,1831.0,-1226.5714285714287,5696.866298154412,12760.0,21346.0,51.0
2024-03-25,100.0,49.0,51.0,5449.11,3,5060.0,240.0,-1253.5714285714287,5689.199822386937,12610.0,21385.0,-120.0
2024-03-26,0.0,120.0,-120.0,5329.11,1,51.0,-2025.0,-981.4285714285714,5691.710605700851,11460.0,18330.0,-95.0
2024-03-27,0.0,95.0,-95.0,5234.11,4,-120.0,-11705.0,677.1428571428571,3186.120285894807,10540.0,5800.0,430.0
2024-03-28,5500.0,5070.0,430.0,5664.11,6,-95.0,95.0,725.0,3178.4255011981318,15770.0,10695.0,-610.0
2024-03-29,170.0,780.0,-610.0,5054.11,5,430.0,4259.0,29.428571428571427,2784.500664819616,11570.0,11364.0,-550.0
2024-03-30,0.0,550.0,-550.0,4504.11,2,-610.0,-4510.0,595.1428571428571,2000.4066610376349,11570.0,7404.0,179.0
2024-03-31,970.0,791.0,179.0,4683.11,6,-550.0,5060.0,-102.14285714285714,375.1743721574541,6740.0,7455.0,-630.0
2024-04-01,0.0,630.0,-630.0,4053.11,4,179.0,51.0,-199.42857142857142,415.02283356567614,6640.0,8036.0,-140.0
2024-04-02,1100.0,1240.0,-140.0,3913.11,6,-630.0,-120.0,-202.28571428571428,414.45334047212356,7740.0,9156.0,30.0
2024-04-03,30.0,0.0,30.0,3943.11,1,-140.0,-95.0,-184.42857142857142,422.4617762364814,7770.0,9061.0,-800.0
2024-04-04,0.0,800.0,-800.0,3143.11,3,30.0,430.0,-360.14285714285717,377.7390759820069,2270.0,4791.0,-310.0
2024-04-05,0.0,310.0,-310.0,2833.11,4,-800.0,-610.0,-317.2857142857143,361.3284352153438,2100.0,4321.0,-80.0
2024-04-06,280.0,360.0,-80.0,2753.11,6,-310.0,-550.0,-250.14285714285714,354.4810425449296,2380.0,4131.0,-30.0
2024-04-07,1850.0,1880.0,-30.0,2723.11,7,-80.0,179.0,-280.0,319.3743884533178,3260.0,5220.0,-2500.0
2024-04-08,0.0,2500.0,-2500.0,223.11,1,-30.0,-630.0,-547.1428571428571,905.3860002914452,3260.0,7090.0,184.0
2024-04-09,1320.0,1136.0,184.0,407.11,7,-2500.0,-140.0,-500.85714285714283,937.3856247690918,3480.0,6986.0,496.0
2024-04-10,700.0,204.0,496.0,903.11,5,184.0,30.0,-434.2857142857143,996.0792663045627,4150.0,7190.0,-840.9
2024-04-11,230.0,1070.9,-840.9,62.21,4,496.0,-800.0,-440.12857142857143,998.6985442969683,4380.0,7460.9,1639.0
2024-04-12,32589.0,30950.0,1639.0,1701.21,5,-840.9,-310.0,-161.70000000000002,1274.596510011409,36969.0,38100.9,-50.0
2024-04-13,2300.0,2350.0,-50.0,1651.21,3,1639.0,-80.0,-157.41428571428574,1274.9673857639793,38989.0,40090.9,-1650.0
2024-04-14,0.0,1650.0,-1650.0,1.21,2,-50.0,-30.0,-388.84285714285716,1389.8389857067643,37139.0,39860.9,545.0
2024-04-15,950.0,405.0,545.0,546.21,6,-1650.0,-2500.0,46.157142857142844,1055.1790872597915,38089.0,37765.9,470.0
2024-04-16,600.0,130.0,470.0,1016.21,2,545.0,184.0,87.0142857142857,1066.8781880304653,37369.0,36759.9,-850.0
2024-04-17,3420.0,4270.0,-850.0,166.21,5,470.0,496.0,-105.27142857142859,1101.6112664551335,40089.0,40825.9,-130.0
2024-04-18,0.0,130.0,-130.0,36.21,1,-850.0,-840.9,-3.7142857142857304,1054.241388279665,39859.0,39885.0,70.0
2024-04-19,500.0,430.0,70.0,106.21,4,-130.0,1639.0,-227.85714285714286,777.1521576823983,7770.0,9365.0,1050.0
2024-04-20,1450.0,400.0,1050.0,1156.21,5,70.0,-50.0,-70.71428571428571,917.625688808806,6920.0,7415.0,780.0
2024-04-21,780.0,0.0,780.0,1936.21,1,1050.0,-1650.0,276.42857142857144,637.4736222366769,7700.0,5765.0,2435.0
2024-04-22,2970.0,535.0,2435.0,4371.21,5,780.0,545.0,546.4285714285714,1042.0521191608166,9720.0,5895.0,-360.0
2024-04-23,300.0,660.0,-360.0,4011.21,4,2435.0,470.0,427.85714285714283,1097.9217380383143,9420.0,6425.0,1440.0
2024-04-24,1571.0,131.0,1440.0,5451.21,4,-360.0,-850.0,755.0,989.5242964845598,7571.0,2286.0,1200.0
2024-04-25,1200.0,0.0,1200.0,6651.21,1,1440.0,-130.0,945.0,916.2468735735271,8771.0,2156.0,520.0
2024-04-26,1160.0,640.0,520.0,7171.21,4,1200.0,70.0,1009.2857142857143,858.5958914191438,9431.0,2366.0,-6853.0
2024-04-27,1060.0,7913.0,-6853.0,318.21,5,520.0,1050.0,-119.71428571428571,3090.6987728929257,9041.0,9879.0,1475.0
2024-04-28,1600.0,125.0,1475.0,1793.21,7,-6853.0,780.0,-20.428571428571427,3135.260162365193,9861.0,10004.0,650.0
2024-04-29,650.0,0.0,650.0,2443.21,1,1475.0,2435.0,-275.42857142857144,2970.53047210666,7541.0,9469.0,-2255.0
2024-04-30,50.0,2305.0,-2255.0,188.21,8,650.0,-360.0,-546.1428571428571,3064.388325510287,7291.0,11114.0,1408.0
2024-05-01,1650.0,242.0,1408.0,1596.21,2,-2255.0,1440.0,-550.7142857142857,3060.9535395736575,7370.0,11225.0,-1493.0
2024-05-02,907.0,2400.0,-1493.0,103.21,10,1408.0,1200.0,-935.4285714285714,2972.190149656347,7077.0,13625.0,90.0
2024-05-03,320.0,230.0,90.0,193.21,3,-1493.0,520.0,-996.8571428571429,2941.380142527836,6237.0,13215.0,830.0
2024-05-04,1380.0,550.0,830.0,1023.21,4,90.0,-6853.0,100.71428571428571,1444.5679532055603,6557.0,5852.0,370.0
2024-05-05,800.0,430.0,370.0,1393.21,5,830.0,1475.0,-57.142857142857146,1324.7692161997152,5757.0,6157.0,-70.0
2024-05-06,250.0,320.0,-70.0,1323.21,6,370.0,650.0,-160.0,1288.1600573427452,5357.0,6477.0,-879.0
2024-05-07,1850.0,2729.0,-879.0,444.21,10,-70.0,-2255.0,36.57142857142857,984.3434118136229,7157.0,6901.0,670.0
2024-05-08,1060.0,390.0,670.0,1114.21,6,-879.0,1408.0,-68.85714285714286,842.2391640880521,6567.0,7049.0,-1064.0
2024-05-09,50.0,1114.0,-1064.0,50.21,8,670.0,-1493.0,-7.571428571428571,729.3873815613234,5710.0,5763.0,1770.0
2024-05-10,4000.0,2230.0,1770.0,1820.21,5,-1064.0,90.0,232.42857142857142,994.9100222537128,9390.0,7763.0,-890.9
2024-05-11,570.0,1460.9,-890.9,929.31,6,1770.0,830.0,-13.414285714285711,1034.4708960438838,8580.0,8673.9,1265.0
2024-05-12,1750.0,485.0,1265.0,2194.31,5,-890.9,370.0,114.44285714285715,1139.7137533274486,9530.0,8728.9,11400.0
2024-05-13,11530.0,130.0,11400.0,13594.31,5,1265.0,-70.0,1753.0142857142857,4403.200563388919,20810.0,8538.9,-11300.0
2024-05-14,0.0,11300.0,-11300.0,2294.31,6,11400.0,-879.0,264.30000000000007,6636.626180773877,18960.0,17109.9,-120.0
2024-05-15,650.0,770.0,-120.0,2174.31,7,-11300.0,670.0,151.4428571428572,6635.294256689531,18550.0,17489.9,-60.0
2024-05-16,1130.0,1190.0,-60.0,2114.31,7,-120.0,-1064.0,294.8714285714286,6615.464001039349,19630.0,17565.9,-855.0
2024-05-17,650.0,1505.0,-855.0,1259.31,4,-60.0,1770.0,-80.12857142857138,6592.268308332691,16280.0,16840.9,-375.0
2024-05-18,0.0,375.0,-375.0,884.31,4,-855.0,-890.9,-6.42857142857138,6584.572698288595,15710.0,15755.0,-575.0
2024-05-19,100.0,675.0,-575.0,309.31,7,-375.0,1265.0,-269.2857142857142,6562.045811947305,14060.0,15945.0,-260.0
2024-05-20,0.0,260.0,-260.0,49.31,2,-575.0,11400.0,-1935.0,4138.604837381788,2530.0,16075.0,355.0
2024-05-21,1070.0,715.0,355.0,404.31,5,-260.0,-11300.0,-270.0,388.07215823855756,3600.0,5490.0,1631.0
2024-05-22,5970.0,4339.0,1631.0,2035.31,8,355.0,-120.0,-19.857142857142858,822.2834929980504,8920.0,9059.0,-685.0
2024-05-23,650.0,1335.0,-685.0,1350.31,8,1631.0,-60.0,-109.14285714285714,860.4166487950715,8440.0,9204.0,-260.0
2024-05-24,600.0,860.0,-260.0,1090.31,4,-685.0,-855.0,-24.142857142857142,801.8500334790839,8390.0,8559.0,600.0
2024-05-25,1600.0,1000.0,600.0,1690.31,10,-260.0,-375.0,115.14285714285714,815.3149552108117,9990.0,9184.0,-520.0
2024-05-26,0.0,520.0,-520.0,1170.31,6,600.0,-575.0,123.0,807.7858627135855,9890.0,9029.0,-851.0
2024-05-27,0.0,851.0,-851.0,319.31,6,-520.0,-260.0,38.57142857142857,881.967281544059,9890.0,9620.0,-50.0
2024-05-28,210.0,260.0,-50.0,269.31,3,-851.0,355.0,-19.285714285714285,870.965310117747,9030.0,9165.0,-245.9
2024-05-29,450.0,695.9,-245.9,23.41,6,-50.0,1631.0,-287.4142857142857,478.91265880308146,3510.0,5521.9,738.0
